repeat,fold,model,n,auc,within_site_auc,ap,balanced_accuracy,brier
1,1,full_covariates_lr,105,0.7395678092399404,0.6885496183206107,0.69120454521684,0.6240685543964233,0.23104138899647858
1,1,full_covariates_tiv_lr,105,0.7321162444113263,0.6931297709923664,0.7050128849785156,0.6700819672131147,0.21681902750474313
1,1,full_functional_lr,105,0.7395678092399404,0.6885496183206107,0.69120454521684,0.6240685543964233,0.23104138899647858
1,1,full_functional_mlp,105,0.7395678092399404,0.6885496183206107,0.69120454521684,0.6240685543964233,0.23104138899647858
1,1,full_functional_tiv_mlp,105,0.7321162444113263,0.6931297709923664,0.7050128849785156,0.6700819672131147,0.21681902750474313
1,1,full_fusion_lr,105,0.6777198211624441,0.6458015267175573,0.5969644490712143,0.5583084947839047,0.31129010702110865
1,1,full_fusion_mlp,105,0.6777198211624441,0.6458015267175573,0.5969644490712143,0.5583084947839047,0.31129010702110865
1,1,full_fusion_structural_mlp,105,0.6643070044709389,0.5923664122137404,0.592311420947532,0.6246274217585692,0.23164078688555056
1,1,full_fusion_tiv_mlp,105,0.6464232488822652,0.6183206106870229,0.5318290253386425,0.5387481371087929,0.38658734665774774
1,1,image_fusion_lr,105,0.6464232488822652,0.6183206106870229,0.5318290253386425,0.5387481371087929,0.38658734665774774
1,1,image_fusion_mlp,105,0.6464232488822652,0.6183206106870229,0.5318290253386425,0.5387481371087929,0.38658734665774774
1,1,structural_lr,105,0.6464232488822652,0.6183206106870229,0.5318290253386425,0.5387481371087929,0.38658734665774774
1,1,structural_mlp,105,0.6482861400894189,0.5847328244274809,0.5667539712778786,0.6164307004470939,0.23778079487081716
1,1,structural_tiv_lr,105,0.6475409836065573,0.6259541984732825,0.5273282232265091,0.569672131147541,0.37953658909294835
1,1,tangent_lr,105,0.6121460506706409,0.5450381679389313,0.5408811723066976,0.5741430700447094,0.2795916126485606
1,1,tangent_mlp,105,0.5964977645305514,0.5557251908396946,0.5145763494020552,0.6000372578241431,0.2508353954896409
1,1,tiv_lr,105,0.4560357675111773,0.4900763358778626,0.36784469261105285,0.5085692995529061,0.25165976103358295
1,2,full_covariates_lr,103,0.6687647521636508,0.6135181975736569,0.6326048492788767,0.5995279307631787,0.2365032309141482
1,2,full_covariates_tiv_lr,103,0.6797797010228167,0.610051993067591,0.6139287900719343,0.6317859952793077,0.2297125970154147
1,2,full_functional_lr,103,0.6687647521636508,0.6135181975736569,0.6326048492788767,0.5995279307631787,0.2365032309141482
1,2,full_functional_mlp,103,0.6687647521636508,0.6135181975736569,0.6326048492788767,0.5995279307631787,0.2365032309141482
1,2,full_functional_tiv_mlp,103,0.6797797010228167,0.610051993067591,0.6139287900719343,0.6317859952793077,0.2297125970154147
1,2,full_fusion_lr,103,0.6809598741148702,0.6152512998266898,0.6149674016280806,0.5953973249409914,0.2343756713982975
1,2,full_fusion_mlp,103,0.6809598741148702,0.6152512998266898,0.6149674016280806,0.5953973249409914,0.2343756713982975
1,2,full_fusion_structural_mlp,103,0.6687647521636508,0.6135181975736569,0.6326048492788767,0.5995279307631787,0.2365032309141482
1,2,full_fusion_tiv_mlp,103,0.6821400472069237,0.6065857885615251,0.6149667649222942,0.5993312352478364,0.22628508572717823
1,2,image_fusion_lr,103,0.6148701809598741,0.5407279029462737,0.4785250902257946,0.5627458693941778,0.23705935612839416
1,2,image_fusion_mlp,103,0.6148701809598741,0.5407279029462737,0.4785250902257946,0.5627458693941778,0.23705935612839416
1,2,structural_lr,103,0.6148701809598741,0.5407279029462737,0.4785250902257946,0.5627458693941778,0.23705935612839416
1,2,structural_mlp,103,0.6085759244689221,0.5684575389948006,0.4845298171556231,0.5786782061369,0.25553776746833556
1,2,structural_tiv_lr,103,0.6140833988985052,0.5424610051993067,0.47809305471856167,0.5627458693941778,0.2371548398318021
1,2,tangent_lr,103,0.6239181746656177,0.5788561525129983,0.5253228778954293,0.5989378442171518,0.2356910586606492
1,2,tangent_mlp,103,0.6227380015735641,0.5805892547660312,0.5248883897838904,0.6113296616837136,0.28534759249676706
1,2,tiv_lr,103,0.5664830841856806,0.5493934142114385,0.48313626491241785,0.5542879622344611,0.24969478408580242
1,3,full_covariates_lr,94,0.7394673123486681,0.6878048780487804,0.6481809116946793,0.6760290556900727,0.21137444510590522
1,3,full_covariates_tiv_lr,94,0.7559322033898306,0.6951219512195121,0.664524360994192,0.701452784503632,0.1976251674818019
1,3,full_functional_lr,94,0.6765133171912833,0.6487804878048781,0.5855004272737042,0.6309927360774819,0.22787296373734406
1,3,full_functional_mlp,94,0.7012106537530266,0.7146341463414634,0.6217429053918719,0.625181598062954,0.22248884153570045
1,3,full_functional_tiv_mlp,94,0.7186440677966102,0.7121951219512195,0.6365292888447963,0.6648910411622275,0.21356867504217952
1,3,full_fusion_lr,94,0.6765133171912833,0.6487804878048781,0.5855004272737042,0.6309927360774819,0.22787296373734406
1,3,full_fusion_mlp,94,0.7012106537530266,0.7146341463414634,0.6217429053918719,0.625181598062954,0.22248884153570045
1,3,full_fusion_structural_mlp,94,0.7012106537530266,0.7146341463414634,0.6217429053918719,0.625181598062954,0.22248884153570045
1,3,full_fusion_tiv_mlp,94,0.7322033898305085,0.7341463414634146,0.6583180927864055,0.6506053268765133,0.21251426163077497
1,3,image_fusion_lr,94,0.6469733656174335,0.5951219512195122,0.5058842350986641,0.6024213075060533,0.23584066309900895
1,3,image_fusion_mlp,94,0.6832929782082324,0.5853658536585366,0.5273716824555928,0.6278450363196126,0.22719377041693484
1,3,structural_lr,94,0.6595641646489104,0.551219512195122,0.5174478529999648,0.6019370460048425,0.2298277387798907
1,3,structural_mlp,94,0.653268765133172,0.5390243902439025,0.5366519850122277,0.6077481840193704,0.23083613607700007
1,3,structural_tiv_lr,94,0.660048426150121,0.551219512195122,0.5183932311512253,0.5934624697336561,0.22982148367644775
1,3,tangent_lr,94,0.6077481840193705,0.5829268292682926,0.46964887045399817,0.5399515738498789,0.26422236188872394
1,3,tangent_mlp,94,0.6295399515738499,0.6170731707317073,0.49464870165855945,0.5542372881355933,0.25127713608197166
1,3,tiv_lr,94,0.5399515738498789,0.5439024390243903,0.41842526862661966,0.5372881355932203,0.2500086821411663
2,1,full_covariates_lr,98,0.738374619730552,0.6790606653620352,0.6401146024370701,0.6977401129943502,0.2046080666561695
2,1,full_covariates_tiv_lr,98,0.750108648413733,0.7103718199608611,0.6677129174017304,0.7020860495436767,0.20353627619656064
2,1,full_functional_lr,98,0.7379400260756194,0.700587084148728,0.6299568791764245,0.6892655367231638,0.20618465163725228
2,1,full_functional_mlp,98,0.737070838765754,0.7025440313111546,0.618934845705138,0.6807909604519774,0.20608738369284485
2,1,full_functional_tiv_mlp,98,0.7144719687092569,0.6947162426614482,0.5968186692008878,0.6723163841807909,0.2144390326131479
2,1,full_fusion_lr,98,0.7314211212516297,0.700587084148728,0.6285875301060331,0.676445023902651,0.2041750841284207
2,1,full_fusion_mlp,98,0.7318557149065623,0.6986301369863014,0.6290348047399331,0.6720990873533246,0.20378491593580117
2,1,full_fusion_structural_mlp,98,0.6618861364624076,0.598825831702544,0.5480351700022151,0.5997392438070404,0.23718752518864294
2,1,full_fusion_tiv_mlp,98,0.6449369839200347,0.6262230919765166,0.5328583964126941,0.569534984789222,0.28812381147468413
2,1,image_fusion_lr,98,0.5910473707083876,0.5714285714285714,0.47421676011593256,0.569534984789222,0.2963318192693952
2,1,image_fusion_mlp,98,0.5945241199478488,0.5851272015655578,0.48244097090630894,0.5780095610604086,0.2955682048803634
2,1,structural_lr,98,0.5523685354193828,0.5440313111545988,0.4721839181671133,0.569534984789222,0.3690934683394703
2,1,structural_mlp,98,0.5940895262929161,0.5244618395303327,0.4792030031070613,0.595393307257714,0.26614818048607936
2,1,structural_tiv_lr,98,0.5575836592785746,0.5303326810176126,0.46819572050169594,0.5736636245110821,0.3299539776195725
2,1,tangent_lr,98,0.5745328118209474,0.5831702544031311,0.484921092188729,0.5232507605388961,0.24496912312674649
2,1,tangent_mlp,98,0.5836592785745328,0.5851272015655578,0.4861190969725689,0.5189048239895697,0.254220411231221
2,1,tiv_lr,98,0.5254237288135595,0.5362035225048923,0.4123916268658272,0.5063016079965232,0.24983451427670925
2,2,full_covariates_lr,102,0.6285714285714286,0.5776614310645725,0.5490840580422541,0.5583333333333333,0.24849257569927977
2,2,full_covariates_tiv_lr,102,0.6404761904761904,0.5881326352530541,0.5754460495495821,0.5869047619047619,0.24486435277953023
2,2,full_functional_lr,102,0.655952380952381,0.5933682373472948,0.5444759505143374,0.5833333333333333,0.22949476652193676
2,2,full_functional_mlp,102,0.6658730158730158,0.6055846422338569,0.5605163444470896,0.6285714285714286,0.22770786773075677
2,2,full_functional_tiv_mlp,102,0.6698412698412698,0.6143106457242583,0.5658828669284884,0.6404761904761904,0.22681047437454274
2,2,full_fusion_lr,102,0.6623015873015873,0.6003490401396162,0.5587578802170967,0.611904761904762,0.22799870337472428
2,2,full_fusion_mlp,102,0.6797619047619048,0.6073298429319371,0.5854095614863235,0.6154761904761905,0.22850821570694577
2,2,full_fusion_structural_mlp,102,0.6726190476190477,0.6073298429319371,0.5702939031182112,0.6238095238095238,0.2290443482577008
2,2,full_fusion_tiv_mlp,102,0.6849206349206349,0.6212914485165794,0.5902431184691717,0.6190476190476191,0.22784254380350114
2,2,image_fusion_lr,102,0.655952380952381,0.6073298429319371,0.5612379079104232,0.5952380952380952,0.2312072326884227
2,2,image_fusion_mlp,102,0.6738095238095237,0.6282722513089006,0.5713142384178651,0.6071428571428572,0.23201623408898542
2,2,structural_lr,102,0.5988095238095238,0.5654450261780105,0.5132696743228443,0.5416666666666667,0.23843421417094146
2,2,structural_mlp,102,0.5777777777777777,0.5479930191972078,0.4908642150125781,0.5785714285714285,0.25149069026455795
2,2,structural_tiv_lr,102,0.5972222222222222,0.5654450261780105,0.5122639245494246,0.5416666666666667,0.2384158553560143
2,2,tangent_lr,102,0.6198412698412699,0.5776614310645725,0.49682270722757943,0.5988095238095239,0.24401674362624906
2,2,tangent_mlp,102,0.6638888888888889,0.612565445026178,0.5217409767118429,0.6273809523809524,0.23204163731185445
2,2,tiv_lr,102,0.5194444444444444,0.49912739965095987,0.4349949278589845,0.5119047619047619,0.24985133971609702
2,3,full_covariates_lr,102,0.6308506308506308,0.46238532110091746,0.4726939792773878,0.6538461538461539,0.24308520739505268
2,3,full_covariates_tiv_lr,102,0.6312576312576312,0.4660550458715596,0.4701020094754966,0.6715506715506716,0.24331638586201704
2,3,full_functional_lr,102,0.6544566544566544,0.5009174311926605,0.4623472680160376,0.6684981684981686,0.2346434529057172
2,3,full_functional_mlp,102,0.6638176638176638,0.5302752293577981,0.47742273668291957,0.6733821733821734,0.2343289164265597
2,3,full_functional_tiv_mlp,102,0.6544566544566545,0.5100917431192661,0.46992202858976234,0.6526251526251526,0.23440350722950432
2,3,full_fusion_lr,102,0.6544566544566544,0.5009174311926605,0.4623472680160376,0.6684981684981686,0.2346434529057172
2,3,full_fusion_mlp,102,0.6638176638176638,0.5302752293577981,0.47742273668291957,0.6733821733821734,0.2343289164265597
2,3,full_fusion_structural_mlp,102,0.6638176638176638,0.5302752293577981,0.47742273668291957,0.6733821733821734,0.2343289164265597
2,3,full_fusion_tiv_mlp,102,0.6544566544566545,0.5100917431192661,0.46992202858976234,0.6526251526251526,0.23440350722950432
2,3,image_fusion_lr,102,0.6434676434676435,0.5614678899082569,0.5148253587586271,0.6318681318681318,0.23946940687902343
2,3,image_fusion_mlp,102,0.660968660968661,0.5357798165137615,0.5285794298710812,0.6575091575091575,0.23643884776145524
2,3,structural_lr,102,0.6027676027676029,0.5211009174311927,0.5015059227496754,0.543956043956044,0.3973754613746122
2,3,structural_mlp,102,0.6060236060236059,0.5394495412844037,0.5416482324126222,0.5256410256410257,0.250567644053022
2,3,structural_tiv_lr,102,0.6031746031746033,0.5229357798165137,0.503142205786089,0.5518925518925519,0.3956517996655755
2,3,tangent_lr,102,0.6434676434676435,0.5614678899082569,0.5148253587586271,0.6318681318681318,0.23946940687902343
2,3,tangent_mlp,102,0.6585266585266585,0.5798165137614679,0.5238947485022055,0.6239316239316239,0.2406223450617784
2,3,tiv_lr,102,0.5356125356125356,0.5706422018348624,0.4072781539956715,0.5695970695970696,0.24990421280901068
3,1,full_covariates_lr,106,0.6880434782608695,0.6695501730103807,0.6197210197688053,0.6242753623188406,0.22243452866233143
3,1,full_covariates_tiv_lr,106,0.7032608695652174,0.6833910034602076,0.6261749647173672,0.6626811594202899,0.21956545006270786
3,1,full_functional_lr,106,0.6916666666666667,0.6764705882352942,0.6547292291257336,0.6268115942028986,0.2195887442642505
3,1,full_functional_mlp,106,0.688768115942029,0.6626297577854672,0.6662634568240303,0.6318840579710145,0.22952621927417433
3,1,full_functional_tiv_mlp,106,0.6920289855072463,0.657439446366782,0.6655410411387895,0.6318840579710145,0.22878899662562194
3,1,full_fusion_lr,106,0.6916666666666667,0.6764705882352942,0.6547292291257336,0.6268115942028986,0.2195887442642505
3,1,full_fusion_mlp,106,0.6688405797101449,0.5986159169550173,0.6157695303782107,0.6184782608695653,0.22900009155775694
3,1,full_fusion_structural_mlp,106,0.6771739130434783,0.6418685121107266,0.6533712881662836,0.6344202898550725,0.23152441802588253
3,1,full_fusion_tiv_mlp,106,0.6920289855072463,0.657439446366782,0.6655410411387895,0.6318840579710145,0.22878899662562194
3,1,image_fusion_lr,106,0.6340579710144928,0.5709342560553633,0.5758389117302569,0.6159420289855072,0.2339347513176863
3,1,image_fusion_mlp,106,0.6264492753623189,0.5743944636678201,0.5700676456837691,0.5800724637681159,0.237465391596215
3,1,structural_lr,106,0.596376811594203,0.5242214532871973,0.5129092987938417,0.5449275362318841,0.26723454087353626
3,1,structural_mlp,106,0.5884057971014492,0.5034602076124568,0.5326080093885387,0.5557971014492753,0.24290777405566671
3,1,structural_tiv_lr,106,0.5978260869565217,0.5415224913494809,0.5053952392695655,0.5373188405797101,0.37914082082154327
3,1,tangent_lr,106,0.6134057971014493,0.5294117647058824,0.5952182319038114,0.6076086956521739,0.2363573222441521
3,1,tangent_mlp,106,0.6144927536231884,0.5432525951557093,0.6129406244434699,0.5702898550724638,0.24216929419670666
3,1,tiv_lr,106,0.5039855072463768,0.5346020761245676,0.41851883387661737,0.5550724637681159,0.24998433933042108
3,2,full_covariates_lr,95,0.7109227871939735,0.6088560885608856,0.5708286826622295,0.6885593220338984,0.22873144098532755
3,2,full_covariates_tiv_lr,95,0.7029190207156308,0.577490774907749,0.5541475275796637,0.6831450094161958,0.23103492599415426
3,2,full_functional_lr,95,0.7109227871939735,0.6088560885608856,0.5708286826622295,0.6885593220338984,0.22873144098532755
3,2,full_functional_mlp,95,0.7109227871939735,0.6088560885608856,0.5708286826622295,0.6885593220338984,0.22873144098532755
3,2,full_functional_tiv_mlp,95,0.705743879472693,0.5885608856088561,0.5550653619267335,0.652306967984934,0.2271808338542473
3,2,full_fusion_lr,95,0.7109227871939735,0.6088560885608856,0.5708286826622295,0.6885593220338984,0.22873144098532755
3,2,full_fusion_mlp,95,0.7109227871939735,0.6088560885608856,0.5708286826622295,0.6885593220338984,0.22873144098532755
3,2,full_fusion_structural_mlp,95,0.7109227871939735,0.6088560885608856,0.5708286826622295,0.6885593220338984,0.22873144098532755
3,2,full_fusion_tiv_mlp,95,0.705743879472693,0.5885608856088561,0.5550653619267335,0.652306967984934,0.2271808338542473
3,2,image_fusion_lr,95,0.5310734463276836,0.53690036900369,0.4404562691789496,0.5442561205273069,0.2860270635881617
3,2,image_fusion_mlp,95,0.5965160075329567,0.540590405904059,0.47713988790449435,0.6184086629001884,0.24795132325680758
3,2,structural_lr,95,0.5310734463276836,0.53690036900369,0.4404562691789496,0.5442561205273069,0.2860270635881617
3,2,structural_mlp,95,0.5597928436911488,0.5701107011070111,0.4734814863589315,0.5720338983050848,0.29863286500467734
3,2,structural_tiv_lr,95,0.53060263653484,0.5332103321033209,0.4404065184203703,0.5442561205273069,0.28603545736075575
3,2,tangent_lr,95,0.594632768361582,0.514760147601476,0.45831906528513694,0.6129943502824858,0.30568211406303386
3,2,tangent_mlp,95,0.5965160075329567,0.540590405904059,0.47713988790449435,0.6184086629001884,0.24795132325680758
3,2,tiv_lr,95,0.4689265536723164,0.45018450184501846,0.3585254156414431,0.464924670433145,0.2519593195527858
3,3,full_covariates_lr,101,0.7380952380952381,0.6555772994129159,0.6755252438070348,0.6700083542188805,0.23420149471421606
3,3,full_covariates_tiv_lr,101,0.7005012531328321,0.5753424657534246,0.6101936628462479,0.6516290726817042,0.218262883279216
3,3,full_functional_lr,101,0.7535505430242272,0.669275929549902,0.6865649777341087,0.6491228070175439,0.22685066612908103
3,3,full_functional_mlp,101,0.7406015037593985,0.6614481409001955,0.6837726224285003,0.6466165413533835,0.22241953364664074
3,3,full_functional_tiv_mlp,101,0.7251461988304094,0.6066536203522505,0.6431184227123871,0.6491228070175439,0.20959631237926307
3,3,full_fusion_lr,101,0.7535505430242272,0.669275929549902,0.6865649777341087,0.6491228070175439,0.22685066612908103
3,3,full_fusion_mlp,101,0.7406015037593985,0.6614481409001955,0.6837726224285003,0.6466165413533835,0.22241953364664074
3,3,full_fusion_structural_mlp,101,0.7406015037593985,0.6614481409001955,0.6837726224285003,0.6466165413533835,0.22241953364664074
3,3,full_fusion_tiv_mlp,101,0.7243107769423559,0.598825831702544,0.619701924831522,0.6359649122807017,0.2127044642356919
3,3,image_fusion_lr,101,0.6988304093567251,0.6262230919765166,0.5729048728820781,0.6649958228905597,0.22025333780778195
3,3,image_fusion_mlp,101,0.691311612364244,0.6046966731898239,0.5376933422752684,0.6702172096908939,0.21847947464693354
3,3,structural_lr,101,0.6073517126148705,0.5205479452054794,0.4225521986131305,0.5833333333333333,0.24241223869553014
3,3,structural_mlp,101,0.6290726817042607,0.5264187866927593,0.45088062575514787,0.5808270676691729,0.2483299233088189
3,3,structural_tiv_lr,101,0.6052631578947368,0.5185909980430528,0.4211396839206314,0.5781119465329991,0.24279297164113156
3,3,tangent_lr,101,0.6766917293233083,0.6027397260273972,0.5669083575597382,0.6386800334168755,0.21982616220549223
3,3,tangent_mlp,101,0.6837928153717627,0.6183953033268101,0.5715340242888312,0.6307435254803676,0.22044750505435623
3,3,tiv_lr,101,0.39390142021720975,0.3639921722113503,0.32486240576365544,0.45405179615705926,0.2507969517510838
4,1,full_covariates_lr,99,0.72161480235492,0.7252747252747253,0.6641876067747631,0.6726240538267452,0.22185882634544432
4,1,full_covariates_tiv_lr,99,0.7018502943650126,0.7014652014652014,0.6533048143383308,0.6518082422203533,0.23392773745408568
4,1,full_functional_lr,99,0.7283431455004205,0.7234432234432234,0.6866149730814954,0.6726240538267452,0.21691139515118166
4,1,full_functional_mlp,99,0.7392767031118587,0.7362637362637363,0.6902371328381016,0.6883936080740118,0.21576675749306948
4,1,full_functional_tiv_mlp,99,0.7317073170731707,0.706959706959707,0.7100830462712977,0.7005887300252314,0.22737299205867884
4,1,full_fusion_lr,99,0.7283431455004205,0.7234432234432234,0.6866149730814954,0.6726240538267452,0.21691139515118166
4,1,full_fusion_mlp,99,0.7392767031118587,0.7362637362637363,0.6902371328381016,0.6883936080740118,0.21576675749306948
4,1,full_fusion_structural_mlp,99,0.7392767031118587,0.7362637362637363,0.6902371328381016,0.6883936080740118,0.21576675749306948
4,1,full_fusion_tiv_mlp,99,0.7317073170731707,0.706959706959707,0.7100830462712977,0.7005887300252314,0.22737299205867884
4,1,image_fusion_lr,99,0.6778805719091674,0.5787545787545788,0.6153577491403028,0.6324642556770395,0.22859644528851403
4,1,image_fusion_mlp,99,0.7211942809083263,0.6428571428571429,0.6670728544174441,0.6488645920941969,0.22308991355493177
4,1,structural_lr,99,0.6867115222876367,0.5732600732600732,0.6620701384655961,0.6274179983179142,0.2272162498889145
4,1,structural_mlp,99,0.6686291000841044,0.532967032967033,0.6536088008346695,0.625946173254836,0.23458823180410263
4,1,structural_tiv_lr,99,0.6808242220353238,0.5604395604395604,0.6559217497151979,0.6274179983179142,0.22742487327364821
4,1,tangent_lr,99,0.6383515559293524,0.575091575091575,0.5862290092455631,0.5857863751051303,0.27556319532296
4,1,tangent_mlp,99,0.6656854499579479,0.608058608058608,0.628728693696196,0.605130361648444,0.23748259772926206
4,1,tiv_lr,99,0.46425567703952897,0.4084249084249084,0.3842971684651497,0.4587888982338099,0.2500622748941833
4,2,full_covariates_lr,102,0.7109375,0.6181172291296625,0.555692804321864,0.678453947368421,0.22105689506571755
4,2,full_covariates_tiv_lr,102,0.7240953947368421,0.6731793960923623,0.6164748475193781,0.655016447368421,0.2208534454754402
4,2,full_functional_lr,102,0.6969572368421053,0.61101243339254,0.5233253024369096,0.6439144736842105,0.22324582593077819
4,2,full_functional_mlp,102,0.6751644736842105,0.605683836589698,0.5290970841919128,0.6307565789473684,0.22756701055855622
4,2,full_functional_tiv_mlp,102,0.6726973684210525,0.6092362344582594,0.5377762901133024,0.6229440789473684,0.22845031524085696
4,2,full_fusion_lr,102,0.6175986842105263,0.6127886323268206,0.4727397844536514,0.552220394736842,0.24133595111752126
4,2,full_fusion_mlp,102,0.614720394736842,0.6092362344582595,0.47301273505826946,0.575657894736842,0.2418885800516509
4,2,full_fusion_structural_mlp,102,0.6274671052631579,0.6287744227353463,0.4810206677829758,0.567845394736842,0.24173914009252612
4,2,full_fusion_tiv_mlp,102,0.6118421052631577,0.605683836589698,0.47316268962931274,0.5703125,0.2415818787838895
4,2,image_fusion_lr,102,0.546875,0.5808170515097691,0.4095933897800468,0.520970394736842,0.2536983454308593
4,2,image_fusion_mlp,102,0.5879934210526315,0.5808170515097691,0.4703870169497778,0.575657894736842,0.24422196678027472
4,2,structural_lr,102,0.546875,0.5808170515097691,0.4095933897800468,0.520970394736842,0.2536983454308593
4,2,structural_mlp,102,0.5929276315789473,0.6127886323268206,0.4396737085257403,0.53125,0.2582792653594371
4,2,structural_tiv_lr,102,0.546875,0.580817051509769,0.4094069135576251,0.520970394736842,0.25378957757742154
4,2,tangent_lr,102,0.5744243421052632,0.5239786856127886,0.45345862471520215,0.5546875,0.28927037023368657
4,2,tangent_mlp,102,0.6052631578947368,0.5612788632326821,0.4785796568698627,0.575657894736842,0.25964522554853986
4,2,tiv_lr,102,0.5115131578947368,0.5097690941385435,0.3869375302547596,0.49465460526315785,0.24997453200751465
4,3,full_covariates_lr,101,0.7215447154471544,0.5938697318007663,0.6453133015935473,0.6581300813008131,0.2116351922901995
4,3,full_covariates_tiv_lr,101,0.725609756097561,0.603448275862069,0.6426371629403104,0.6786585365853659,0.2100362702680044
4,3,full_functional_lr,101,0.701219512195122,0.6149425287356323,0.6168744768193044,0.6664634146341464,0.21925342466534709
4,3,full_functional_mlp,101,0.6902439024390244,0.6283524904214559,0.5764337598987375,0.6747967479674797,0.22759469252666564
4,3,full_functional_tiv_mlp,101,0.7162601626016261,0.6245210727969349,0.6127180554923803,0.6664634146341464,0.21711142832448196
4,3,full_fusion_lr,101,0.6873983739837398,0.6091954022988506,0.6026509738273464,0.6343495934959349,0.22091318345857006
4,3,full_fusion_mlp,101,0.6638211382113821,0.6053639846743295,0.5691587015675236,0.5900406504065041,0.22646901194795127
4,3,full_fusion_structural_mlp,101,0.7113821138211383,0.6264367816091954,0.5859076938487979,0.6548780487804877,0.22044723360314752
4,3,full_fusion_tiv_mlp,101,0.6833333333333333,0.6130268199233716,0.5863161770271681,0.5817073170731707,0.21993407665568193
4,3,image_fusion_lr,101,0.6459349593495934,0.6130268199233716,0.5980809112262989,0.6016260162601625,0.2372263675566528
4,3,image_fusion_mlp,101,0.6239837398373983,0.60727969348659,0.5385617444607271,0.6004065040650406,0.24145736570264117
4,3,structural_lr,101,0.634959349593496,0.5977011494252875,0.5000148837155484,0.5817073170731707,0.3695194075381918
4,3,structural_mlp,101,0.6646341463414633,0.5727969348659003,0.5124151363351533,0.609959349593496,0.2340886675930737
4,3,structural_tiv_lr,101,0.6398373983739837,0.5938697318007663,0.5007685909232681,0.5939024390243902,0.36623162011857896
4,3,tangent_lr,101,0.6357723577235772,0.5938697318007663,0.5569117401686873,0.6286585365853659,0.24783371024800743
4,3,tangent_mlp,101,0.6239837398373983,0.60727969348659,0.5385617444607271,0.6004065040650406,0.24145736570264117
4,3,tiv_lr,101,0.5235772357723577,0.49233716475095785,0.42624237383566055,0.5394308943089431,0.24989829437411737
5,1,full_covariates_lr,101,0.6719128329297821,0.6546112115732369,0.6230235413193695,0.6333736884584342,0.23874733090641498
5,1,full_covariates_tiv_lr,101,0.6836158192090395,0.6708860759493671,0.6406008742456779,0.6452784503631961,0.23394556763963734
5,1,full_functional_lr,101,0.6610169491525424,0.6003616636528029,0.6123350512579917,0.6281275221953189,0.22882645143934677
5,1,full_functional_mlp,101,0.6739305891848264,0.6329113924050633,0.6226461874239492,0.6688861985472155,0.22753337703693666
5,1,full_functional_tiv_mlp,101,0.6674737691686844,0.6166365280289332,0.5930767990103591,0.660411622276029,0.22588368531553527
5,1,full_fusion_lr,101,0.6610169491525424,0.6003616636528029,0.6123350512579917,0.6281275221953189,0.22882645143934677
5,1,full_fusion_mlp,101,0.6860371267150929,0.6347197106690777,0.6249617554890923,0.6688861985472155,0.22419952095842755
5,1,full_fusion_structural_mlp,101,0.6969330104923325,0.6347197106690777,0.6741066939415833,0.6416464891041163,0.21947262837095236
5,1,full_fusion_tiv_mlp,101,0.6872477804681194,0.6347197106690777,0.6290067240559636,0.6485068603712671,0.22432296173557176
5,1,image_fusion_lr,101,0.655367231638418,0.5334538878842676,0.5667789753978272,0.6196529459241323,0.23270099979588424
5,1,image_fusion_mlp,101,0.6501210653753027,0.5262206148282097,0.5485163907110406,0.609362389023406,0.23129546442181903
5,1,structural_lr,101,0.5907990314769975,0.5027124773960217,0.5397644091841962,0.533091202582728,0.23986001385872927
5,1,structural_mlp,101,0.6101694915254238,0.538878842676311,0.5853235597480049,0.5786924939467312,0.26878453783483824
5,1,structural_tiv_lr,101,0.5907990314769976,0.5045207956600362,0.5396663276435876,0.533091202582728,0.23985301517585098
5,1,tangent_lr,101,0.62590799031477,0.5334538878842676,0.5548714803112822,0.6501210653753027,0.2373307599876184
5,1,tangent_mlp,101,0.6178369652945924,0.5226039783001808,0.5352408275533729,0.5905972558514931,0.24507651691877477
5,1,tiv_lr,101,0.5343018563357547,0.5424954792043399,0.4310111743275722,0.5399515738498789,0.24984846731246788
5,2,full_covariates_lr,107,0.7158167036215817,0.6266025641025641,0.5579122840889313,0.6626016260162602,0.2360217608546731
5,2,full_covariates_tiv_lr,107,0.6821877309682188,0.6506410256410257,0.5451423738005383,0.6642645971914265,0.2243218519585593
5,2,full_functional_lr,107,0.6585365853658537,0.5737179487179487,0.5433337587096316,0.6062453806356245,0.23612837623126276
5,2,full_functional_mlp,107,0.7158167036215817,0.6266025641025641,0.5579122840889313,0.6626016260162602,0.2360217608546731
5,2,full_functional_tiv_mlp,107,0.6821877309682188,0.6506410256410257,0.5451423738005383,0.6642645971914265,0.2243218519585593
5,2,full_fusion_lr,107,0.6585365853658537,0.5737179487179487,0.5433337587096316,0.6062453806356245,0.23612837623126276
5,2,full_fusion_mlp,107,0.7158167036215817,0.6266025641025641,0.5579122840889313,0.6626016260162602,0.2360217608546731
5,2,full_fusion_structural_mlp,107,0.7158167036215817,0.6266025641025641,0.5579122840889313,0.6626016260162602,0.2360217608546731
5,2,full_fusion_tiv_mlp,107,0.6821877309682188,0.6506410256410257,0.5451423738005383,0.6642645971914265,0.2243218519585593
5,2,image_fusion_lr,107,0.5598669623059868,0.49038461538461536,0.5020396366339465,0.5439763488543976,0.2510290113183707
5,2,image_fusion_mlp,107,0.5576496674057649,0.5000000000000001,0.508401545809937,0.5439763488543976,0.27808624426334233
5,2,structural_lr,107,0.6544715447154471,0.6426282051282052,0.543927068756104,0.6319290465631929,0.2811063808500131
5,2,structural_mlp,107,0.6500369549150038,0.6410256410256411,0.5714910211302606,0.65169992609017,0.23451930028830617
5,2,structural_tiv_lr,107,0.6522542498152254,0.6362179487179487,0.5409533042944542,0.6319290465631929,0.28093917977787997
5,2,tangent_lr,107,0.5598669623059868,0.49038461538461536,0.5020396366339465,0.5439763488543976,0.2510290113183707
5,2,tangent_mlp,107,0.5576496674057649,0.5000000000000001,0.508401545809937,0.5439763488543976,0.27808624426334233
5,2,tiv_lr,107,0.41130820399113077,0.3926282051282051,0.3483107949818445,0.43754619364375463,0.25043310758083687
5,3,full_covariates_lr,94,0.7358937885253676,0.7,0.6751653401302149,0.6576576576576576,0.21229615476593783
5,3,full_covariates_tiv_lr,94,0.7297297297297297,0.68,0.6670879491249375,0.6576576576576576,0.2133031063043102
5,3,full_functional_lr,94,0.7449027975343766,0.6711111111111111,0.622617059325813,0.7110004741583689,0.2055812354356008
5,3,full_functional_mlp,94,0.7562825983878616,0.6533333333333333,0.658329227963034,0.6894262683736367,0.2223502305151551
5,3,full_functional_tiv_mlp,94,0.7558084400189664,0.6511111111111111,0.6581558832885968,0.6894262683736367,0.22253436392206236
5,3,full_fusion_lr,94,0.6344238975817924,0.5399999999999999,0.5149192413228585,0.5286865813181603,0.26085042609902287
5,3,full_fusion_mlp,94,0.7562825983878616,0.6533333333333333,0.658329227963034,0.6894262683736367,0.2223502305151551
5,3,full_fusion_structural_mlp,94,0.7562825983878616,0.6533333333333333,0.658329227963034,0.6894262683736367,0.2223502305151551
5,3,full_fusion_tiv_mlp,94,0.7558084400189664,0.6511111111111111,0.6581558832885968,0.6894262683736367,0.22253436392206236
5,3,image_fusion_lr,94,0.6595542911332385,0.5,0.47843402114270583,0.6441441441441441,0.23304754829905733
5,3,image_fusion_mlp,94,0.6083451872925557,0.48444444444444446,0.47651147608198363,0.5286865813181603,0.24605942098946068
5,3,structural_lr,94,0.5779990516832623,0.5311111111111111,0.5521267116669406,0.5374585111427217,0.42531194162555597
5,3,structural_mlp,94,0.6619250829777146,0.6288888888888889,0.5961801390593013,0.6211474632527264,0.24230129179735416
5,3,structural_tiv_lr,94,0.591275486012328,0.5488888888888889,0.5618521615069236,0.5334281650071124,0.4127511028037652
5,3,tangent_lr,94,0.6775723091512565,0.5711111111111111,0.5677772159776857,0.5948316737790422,0.22933890438060986
5,3,tangent_mlp,94,0.6884779516358464,0.5622222222222222,0.618365107870597,0.6455666192508298,0.23568595284642777
5,3,tiv_lr,94,0.44665718349928885,0.4577777777777778,0.3524271853626579,0.4658605974395448,0.25240815018805995
