cohort,site,label,variable,n_total,n_observed,n_missing,mean,sd,median,q1,q3,min,max
reviewed,ALL,ALL,age_years,378,378,0,11.364867724867725,2.902120711542973,10.815000000000001,9.17,12.79,7.17,20.89
reviewed,ALL,ALL,mean_fd,378,375,3,0.2072217264878852,0.34269934843777106,0.1302883264971428,0.0956092417817142,0.1897686431132467,0.0445466502206753,3.652142740615385
reviewed,ALL,ALL,pct_fd_gt_0p2,378,375,3,0.2060651594846394,0.2076156119630877,0.1428571428571428,0.0539753639417693,0.30616403464085584,0.0,0.987012987012987
reviewed,ALL,ALL,mean_dvars,378,375,3,1.124604113779079,0.09202929636075215,1.108127055319149,1.0584359142857143,1.1727430179653373,0.939675512195122,1.5313413815789472
reviewed,ALL,ALL,max_fd,378,375,3,1.6611206888748427,3.476585687814321,0.7053369,0.391737785,1.548575875,0.083989724076,41.187792
reviewed,ALL,ALL,n_volumes,378,375,3,175.36,50.5932294512829,176.0,152.0,235.0,77.0,261.0
reviewed,ALL,ALL,tiv_mm3,378,378,0,1536943.8079365082,136436.0092089693,1536445.5499999998,1456712.8250000002,1635617.025,1163524.8,1899012.0
reviewed,ALL,0,age_years,211,211,0,11.386398104265403,2.89144128054739,10.82,9.2,12.78,7.17,20.47
reviewed,ALL,0,mean_fd,211,209,2,0.1675643686404374,0.24109133724522377,0.1154775503810526,0.0894550253371428,0.1678774640634146,0.0492389857777142,3.0823442494285715
reviewed,ALL,0,pct_fd_gt_0p2,211,209,2,0.16894767180429807,0.1789882288640807,0.1,0.0457142857142857,0.2228571428571428,0.0,0.96
reviewed,ALL,0,mean_dvars,211,209,2,1.1344442067772404,0.0987344721960488,1.1132045364238408,1.0679211542857143,1.1959757574468086,0.939675512195122,1.5313413815789472
reviewed,ALL,0,max_fd,211,209,2,1.3934322057250716,3.399453858972024,0.60681205,0.32743065,1.3414408,0.14499373,41.187792
reviewed,ALL,0,n_volumes,211,209,2,172.5311004784689,52.3697123201442,176.0,124.0,235.0,77.0,261.0
reviewed,ALL,0,tiv_mm3,211,211,0,1533820.845971564,140763.1627317643,1533016.5,1453040.1,1633970.5,1163524.8,1899012.0
reviewed,ALL,1,age_years,167,167,0,11.337664670658683,2.924034790001978,10.81,9.17,12.855,7.25,20.89
reviewed,ALL,1,mean_fd,167,166,1,0.2571517734162984,0.4340861626868326,0.15484404092243126,0.10259270415589661,0.21456602166832747,0.0445466502206753,3.652142740615385
reviewed,ALL,1,pct_fd_gt_0p2,167,166,1,0.2527974180701294,0.2310301845246452,0.1904395604395604,0.08617021276595743,0.35535477767265844,0.0,0.987012987012987
reviewed,ALL,1,mean_dvars,167,166,1,1.1122150810283817,0.08143222683043078,1.0955904453846155,1.0537976471428572,1.1546784094076654,0.9624498742857142,1.4206781948051947
reviewed,ALL,1,max_fd,167,166,1,1.9981501646477469,3.5529472849789228,0.9835857365000001,0.47660865,1.812273,0.083989724076,27.15052
reviewed,ALL,1,n_volumes,167,166,1,178.92168674698794,48.184115446691195,176.0,176.0,220.25,77.0,261.0
reviewed,ALL,1,tiv_mm3,167,167,0,1540889.586227545,131078.0051578595,1549226.2,1460603.85,1639966.1,1210868.1,1874811.0
reviewed,KKI,ALL,age_years,82,82,0,10.25548780487805,1.3502383442448953,10.135,9.09,11.0975,8.02,12.99
reviewed,KKI,ALL,mean_fd,82,82,0,0.17851599732405773,0.10673891520349926,0.14950914902640117,0.10583134542334025,0.22503006507753187,0.0601547855430894,0.6088566254634146
reviewed,KKI,ALL,pct_fd_gt_0p2,82,82,0,0.2368990916528451,0.1938065615157405,0.17476982716847028,0.0794701986754966,0.3637942174123727,0.0,0.8211382113821138
reviewed,KKI,ALL,mean_dvars,82,82,0,1.1180638715129356,0.0664925854439291,1.1222567127281537,1.0709018642384105,1.1648364735772359,0.939675512195122,1.2853920662251654
reviewed,KKI,ALL,max_fd,82,82,0,1.340999071280488,1.3598388170922233,0.8293266425,0.4938895325,1.7842893,0.15619105,8.5729424
reviewed,KKI,ALL,n_volumes,82,82,0,133.90243902439025,13.469315614147588,124.0,124.0,152.0,124.0,152.0
reviewed,KKI,ALL,tiv_mm3,82,82,0,1559034.601219512,125511.14176514171,1558983.5,1477503.85,1659225.7000000002,1298144.5,1835236.9
reviewed,KKI,0,age_years,60,60,0,10.268833333333331,1.2787123974843702,10.21,9.255,11.0925,8.02,12.87
reviewed,KKI,0,mean_fd,60,60,0,0.1651459379798724,0.09061295130754315,0.139204561902439,0.09400218875493853,0.21921761308329346,0.0601547855430894,0.4476096466260163
reviewed,KKI,0,pct_fd_gt_0p2,60,60,0,0.21026310594231762,0.18581924835121189,0.1456953642384106,0.07113821138211375,0.3077451138749798,0.0,0.6097560975609756
reviewed,KKI,0,mean_dvars,60,60,0,1.1165974155144565,0.07025077149000385,1.1129154795940341,1.072039063385021,1.1601776323561084,0.939675512195122,1.2853920662251654
reviewed,KKI,0,max_fd,60,60,0,1.3708419496333335,1.514101113028902,0.7167850674999999,0.4567464275,1.8017391249999999,0.15619105,8.5729424
reviewed,KKI,0,n_volumes,60,60,0,135.2,13.832901089155987,124.0,124.0,152.0,124.0,152.0
reviewed,KKI,0,tiv_mm3,60,60,0,1573494.0266666668,123719.90007220156,1562330.4,1493913.625,1661991.25,1298144.5,1835236.9
reviewed,KKI,1,age_years,22,22,0,10.21909090909091,1.560884697522863,10.06,9.0075,11.4975,8.1,12.99
reviewed,KKI,1,mean_fd,22,22,0,0.21497979553547228,0.13774377002888777,0.18186046464634137,0.13887426939101516,0.23044679765389273,0.0664203238292682,0.6088566254634146
reviewed,KKI,1,pct_fd_gt_0p2,22,22,0,0.30954268904519266,0.20078136443448513,0.3130081300813008,0.1585365853658536,0.4314731061217897,0.0,0.8211382113821138
reviewed,KKI,1,mean_dvars,22,22,0,1.1220632969633337,0.05625891089660313,1.1307598252032522,1.0752459370860925,1.1697500548780486,1.000969026490066,1.1966071544715449
reviewed,KKI,1,max_fd,22,22,0,1.2596094030454545,0.8259278095020175,1.0756748315,0.5856565300000001,1.5641148999999999,0.18724595,2.99135395
reviewed,KKI,1,n_volumes,22,22,0,130.36363636363637,12.010096762408876,124.0,124.0,124.0,124.0,152.0
reviewed,KKI,1,tiv_mm3,22,22,0,1519599.8045454547,124623.20492398743,1497062.6,1432249.625,1602341.175,1340274.8,1823193.2
reviewed,NYU,ALL,age_years,162,162,0,11.570864197530863,2.867931146695904,11.3,9.23,13.4025,7.17,17.89
reviewed,NYU,ALL,mean_fd,162,159,3,0.1921632726577892,0.2862694183423581,0.1214304688457142,0.08984735554228565,0.1836340522454285,0.0492389857777142,3.0823442494285715
reviewed,NYU,ALL,pct_fd_gt_0p2,162,159,3,0.19371069182389936,0.1952493864291971,0.1257142857142857,0.04,0.2885714285714286,0.0,0.96
reviewed,NYU,ALL,mean_dvars,162,159,3,1.0724601577717883,0.04904774043526813,1.0707209028571427,1.04069834,1.1011718542857143,0.9624498742857142,1.2587100342857145
reviewed,NYU,ALL,max_fd,162,159,3,1.723021137329874,3.9403161473037622,0.68739865,0.3724659725,1.4853837749999999,0.16149515,41.187792
reviewed,NYU,ALL,n_volumes,162,159,3,176.0,0.0,176.0,176.0,176.0,176.0,176.0
reviewed,NYU,ALL,tiv_mm3,162,162,0,1528916.1456790124,146930.4376323966,1533150.45,1429223.2,1620585.65,1163524.8,1899012.0
reviewed,NYU,0,age_years,73,73,0,12.031232876712329,3.1134889973600175,11.91,9.27,14.42,7.17,17.89
reviewed,NYU,0,mean_fd,73,71,2,0.1824925549076877,0.365497626408728,0.1120882941371428,0.08928505431257135,0.15483386650057135,0.0492389857777142,3.0823442494285715
reviewed,NYU,0,pct_fd_gt_0p2,73,71,2,0.15766599597585507,0.17645046372256395,0.0857142857142857,0.0371428571428571,0.2057142857142857,0.0057142857142857,0.96
reviewed,NYU,0,mean_dvars,73,71,2,1.0697648574647889,0.0468870789919598,1.072665057142857,1.0335553285714285,1.1000289657142857,0.9756101142857144,1.227658068571429
reviewed,NYU,0,max_fd,73,71,2,1.6837355417957747,5.16783714108958,0.5582457599999999,0.30709818,1.03438275,0.20448954,41.187792
reviewed,NYU,0,n_volumes,73,71,2,176.0,0.0,176.0,176.0,176.0,176.0,176.0
reviewed,NYU,0,tiv_mm3,73,73,0,1514183.78630137,164300.01668871756,1510026.5,1401290.2,1594972.5,1163524.8,1899012.0
reviewed,NYU,1,age_years,89,89,0,11.193258426966292,2.6070563229613875,10.81,9.22,12.72,7.25,17.61
reviewed,NYU,1,mean_fd,89,88,1,0.1999657835698029,0.2029929756998745,0.1461618556554285,0.0955176346714285,0.20646189074142846,0.0640659908131428,1.207230011617143
reviewed,NYU,1,pct_fd_gt_0p2,89,88,1,0.2227922077922078,0.20558926016099402,0.17999999999999994,0.049999999999999975,0.3385714285714285,0.0,0.8971428571428571
reviewed,NYU,1,mean_dvars,89,88,1,1.074634775064935,0.05088614318517273,1.0630618028571428,1.0432872957142856,1.1060697814285716,0.9624498742857142,1.2587100342857145
reviewed,NYU,1,max_fd,89,88,1,1.754717470090341,2.5896935277186905,1.02223071,0.42223602499999996,1.9236882875,0.16149515,14.8452686475
reviewed,NYU,1,n_volumes,89,88,1,176.0,0.0,176.0,176.0,176.0,176.0,176.0
reviewed,NYU,1,tiv_mm3,89,89,0,1540999.9910112359,130702.36937394827,1545484.0,1474552.8,1635742.0,1210868.1,1874811.0
reviewed,NeuroIMAGE,ALL,age_years,29,29,0,16.752758620689654,2.95782726308123,17.5,14.59,19.15,11.05,20.89
reviewed,NeuroIMAGE,ALL,mean_fd,29,29,0,0.32024136801589637,0.6892439742489437,0.1325537885374768,0.1029484547076922,0.178454339926923,0.0590261638564846,3.652142740615385
reviewed,NeuroIMAGE,ALL,pct_fd_gt_0p2,29,29,0,0.21750663129973474,0.24795568680570834,0.1346153846153846,0.0923076923076923,0.2153846153846154,0.0,0.9384615384615383
reviewed,NeuroIMAGE,ALL,mean_dvars,29,29,0,1.0959737701591512,0.06466098312853842,1.0850750884615383,1.0660589653846153,1.1246224423076925,0.9761996346153848,1.2925188769230769
reviewed,NeuroIMAGE,ALL,max_fd,29,29,0,2.6720141834827587,4.865823498789157,1.04323993,0.6249142999999999,1.56765395,0.166582326,24.4054605
reviewed,NeuroIMAGE,ALL,n_volumes,29,29,0,261.0,0.0,261.0,261.0,261.0,261.0,261.0
reviewed,NeuroIMAGE,ALL,tiv_mm3,29,29,0,1582493.5793103445,118648.79628799556,1578143.1,1513519.1,1642151.9,1307689.8,1826727.9
reviewed,NeuroIMAGE,0,age_years,15,15,0,16.841333333333335,2.696245714392691,17.46,15.0,19.16,11.66,20.47
reviewed,NeuroIMAGE,0,mean_fd,15,15,0,0.13093398432814043,0.04885384310207069,0.1287705642730769,0.10174091395809605,0.14738345445327683,0.071998365431423,0.2589613515046154
reviewed,NeuroIMAGE,0,pct_fd_gt_0p2,15,15,0,0.1505128205128205,0.11423295837864837,0.123076923076923,0.08846153846153845,0.2019230769230769,0.0,0.3846153846153846
reviewed,NeuroIMAGE,0,mean_dvars,15,15,0,1.0945092987179488,0.06052921185064059,1.090079996153846,1.0707345865384617,1.1243576423076924,0.9761996346153848,1.2460868423076925
reviewed,NeuroIMAGE,0,max_fd,15,15,0,1.0176741506666667,0.7942394899209414,0.78744085,0.5951041299999997,1.1192890649999998,0.179127805,3.227446
reviewed,NeuroIMAGE,0,n_volumes,15,15,0,261.0,0.0,261.0,261.0,261.0,261.0,261.0
reviewed,NeuroIMAGE,0,tiv_mm3,15,15,0,1568325.9266666668,105887.42075764418,1554813.8,1509287.5,1621794.95,1357090.5,1819855.9
reviewed,NeuroIMAGE,1,age_years,14,14,0,16.657857142857143,3.3159826912683377,17.64,14.1225,18.912499999999998,11.05,20.89
reviewed,NeuroIMAGE,1,mean_fd,14,14,0,0.5230707076813491,0.9669410028970956,0.1520247418102884,0.10817104112019225,0.21755518218557682,0.0590261638564846,3.652142740615385
reviewed,NeuroIMAGE,1,pct_fd_gt_0p2,14,14,0,0.28928571428571426,0.3280893869294201,0.18076923076923074,0.09519230769230767,0.2490384615384615,0.0,0.9384615384615383
reviewed,NeuroIMAGE,1,mean_dvars,14,14,0,1.0975428467032968,0.07109558122625569,1.083503996153846,1.0588669240384616,1.117319264423077,1.0113673807692307,1.2925188769230769
reviewed,NeuroIMAGE,1,max_fd,14,14,0,4.4445213615,6.616213685665522,1.355119295,0.9513146349999999,5.513876724999999,0.166582326,24.4054605
reviewed,NeuroIMAGE,1,n_volumes,14,14,0,261.0,0.0,261.0,261.0,261.0,261.0,261.0
reviewed,NeuroIMAGE,1,tiv_mm3,14,14,0,1597673.2071428574,133290.96533330303,1598005.1,1526005.2750000001,1683053.225,1307689.8,1826727.9
reviewed,OHSU,ALL,age_years,35,35,0,8.752,1.173027255086799,8.5,8.04,9.17,7.33,12.5
reviewed,OHSU,ALL,mean_fd,35,35,0,0.4048175646771859,0.6492292991566324,0.1662087472207792,0.102894585065516,0.250769578461039,0.0445466502206753,3.0412489909090907
reviewed,OHSU,ALL,pct_fd_gt_0p2,35,35,0,0.30406698564593293,0.3133426865242299,0.2337662337662337,0.05228981544771015,0.474025974025974,0.0,0.987012987012987
reviewed,OHSU,ALL,mean_dvars,35,35,0,1.278774973855092,0.09383163884855367,1.2778430779220775,1.2069116428571425,1.3290920129870132,1.083736948051948,1.5313413815789472
reviewed,OHSU,ALL,max_fd,35,35,0,3.0842571320021714,5.587665920914582,0.5707942,0.287720505,2.45003026,0.083989724076,27.15052
reviewed,OHSU,ALL,n_volumes,35,35,0,77.77142857142857,0.42604296149803583,78.0,78.0,78.0,77.0,78.0
reviewed,OHSU,ALL,tiv_mm3,35,35,0,1524702.3085714288,135902.51719687638,1524841.4,1437487.0,1647226.0,1274818.0,1789939.5
reviewed,OHSU,0,age_years,21,21,0,8.777142857142858,1.155565415098353,8.5,8.08,9.17,7.33,12.5
reviewed,OHSU,0,mean_fd,21,21,0,0.2586357095513094,0.3018408164049894,0.1154775503810526,0.1028662982894736,0.2178916703116883,0.0593839899114285,1.2531101338441557
reviewed,OHSU,0,pct_fd_gt_0p2,21,21,0,0.2466474628128763,0.26214912085443615,0.1052631578947368,0.0519480519480519,0.3896103896103896,0.0,0.8701298701298701
reviewed,OHSU,0,mean_dvars,21,21,0,1.2912546653565735,0.09929473455378081,1.2812505714285716,1.2155392597402594,1.3390143116883118,1.1610191298701298,1.5313413815789472
reviewed,OHSU,0,max_fd,21,21,0,2.310233065666666,4.063575735950603,0.53949768,0.271616,2.3584790200000003,0.14499373,15.637889
reviewed,OHSU,0,n_volumes,21,21,0,77.66666666666667,0.48304589153964794,78.0,77.0,78.0,77.0,78.0
reviewed,OHSU,0,tiv_mm3,21,21,0,1531798.9666666668,129464.55169113795,1523830.1,1449710.6,1647281.5,1302590.0,1789939.5
reviewed,OHSU,1,age_years,14,14,0,8.714285714285714,1.2417092084066053,8.46,7.9399999999999995,9.0225,7.42,11.33
reviewed,OHSU,1,mean_fd,14,14,0,0.6240903473660007,0.9359042552014011,0.18245915308055186,0.10999175298311682,0.4355053425068353,0.0445466502206753,3.0412489909090907
reviewed,OHSU,1,pct_fd_gt_0p2,14,14,0,0.390196269895518,0.3711425101908275,0.2597402597402597,0.09415584415584415,0.6197881066302119,0.0,0.987012987012987
reviewed,OHSU,1,mean_dvars,14,14,0,1.2600554366028707,0.08502643087504333,1.277267675324675,1.2044164512987012,1.3045864902597402,1.083736948051948,1.4206781948051947
reviewed,OHSU,1,max_fd,14,14,0,4.2452932315054275,7.337165423900659,1.0695546725,0.4234323625,4.925676525,0.083989724076,27.15052
reviewed,OHSU,1,n_volumes,14,14,0,77.92857142857143,0.2672612419124244,78.0,78.0,78.0,77.0,78.0
reviewed,OHSU,1,tiv_mm3,14,14,0,1514057.3214285711,149382.66943223972,1545074.6,1383544.625,1640536.5,1274818.0,1724900.9
reviewed,Peking_1,ALL,age_years,50,50,0,10.9368,1.7556200602403604,10.42,9.69,11.98,8.33,15.17
reviewed,Peking_1,ALL,mean_fd,50,50,0,0.1270460991615012,0.04839362434086051,0.1217210323947659,0.09743410829056555,0.1471875131564765,0.0549351778546382,0.2781260499786325
reviewed,Peking_1,ALL,pct_fd_gt_0p2,50,50,0,0.13737770503727945,0.13944980535594456,0.09168030551009271,0.043617021276595724,0.1739634478996181,0.0,0.6410256410256411
reviewed,Peking_1,ALL,mean_dvars,50,50,0,1.1948486905524642,0.08001136890493595,1.1996520808510636,1.127858875,1.2640396255319146,1.0027718638297871,1.3737192863247862
reviewed,Peking_1,ALL,max_fd,50,50,0,0.7380323357908,0.667138398735058,0.5089424375,0.323205806,0.8323985124999999,0.15794653604,3.25857025
reviewed,Peking_1,ALL,n_volumes,50,50,0,235.7,0.4629100498862757,236.0,235.0,236.0,235.0,236.0
reviewed,Peking_1,ALL,tiv_mm3,50,50,0,1484869.674,123414.99841250536,1471975.05,1376564.45,1571162.5999999999,1216454.8,1703719.0
reviewed,Peking_1,0,age_years,34,34,0,11.02,1.8745504511587288,10.42,9.75,11.98,8.33,15.17
reviewed,Peking_1,0,mean_fd,34,34,0,0.11186656237063423,0.04000774520874958,0.10641727307914886,0.08514562946914883,0.130407183479851,0.0549351778546382,0.2186950370548935
reviewed,Peking_1,0,pct_fd_gt_0p2,34,34,0,0.09621214552378504,0.10707249572895906,0.0682305873795235,0.018085106382978652,0.1446808510638297,0.0,0.4425531914893617
reviewed,Peking_1,0,mean_dvars,34,34,0,1.2079009653059916,0.07541987844565028,1.2081701170212766,1.1416156893617022,1.2662431223404256,1.0638062510638298,1.3737192863247862
reviewed,Peking_1,0,max_fd,34,34,0,0.5726218406188235,0.436133817261397,0.438951455,0.28010633875,0.72594485,0.15794653604,1.8891858
reviewed,Peking_1,0,n_volumes,34,34,0,235.7941176470588,0.41042563012190475,236.0,236.0,236.0,235.0,236.0
reviewed,Peking_1,0,tiv_mm3,34,34,0,1478882.2411764704,119159.67011504155,1471975.05,1379445.5,1556071.9749999999,1216454.8,1703719.0
reviewed,Peking_1,1,age_years,16,16,0,10.76,1.5128868651246419,10.455,9.56,11.375,8.83,14.0
reviewed,Peking_1,1,mean_fd,16,16,0,0.15930261484209346,0.049968525632791576,0.14458931735663755,0.12073362416601235,0.1910516806899572,0.0983391253021276,0.2781260499786325
reviewed,Peking_1,1,pct_fd_gt_0p2,16,16,0,0.22485451900345516,0.16216975152274507,0.17021276595744675,0.09903164211674842,0.3148117839607201,0.0425531914893617,0.6410256410256411
reviewed,Peking_1,1,mean_dvars,16,16,0,1.1671126067012185,0.08480525654321568,1.1349979083924349,1.1137706554964537,1.22663084870431,1.0027718638297871,1.324519510638298
reviewed,Peking_1,1,max_fd,16,16,0,1.08952963803125,0.9174065639277142,0.7953494,0.5026372875,1.0671670500000001,0.3674497,3.25857025
reviewed,Peking_1,1,n_volumes,16,16,0,235.5,0.5163977794943222,235.5,235.0,236.0,235.0,236.0
reviewed,Peking_1,1,tiv_mm3,16,16,0,1497592.96875,135143.12062667846,1484376.35,1376472.45,1622733.35,1297907.0,1688403.2
reviewed,Peking_2,ALL,age_years,14,14,0,11.749999999999998,1.7962353794705022,11.29,10.23,13.29,9.67,15.08
reviewed,Peking_2,ALL,mean_fd,14,14,0,0.13785313384914397,0.04772409919198085,0.1312480633959574,0.10000029706765948,0.16494222563276162,0.0656372395361701,0.2343733372723404
reviewed,Peking_2,ALL,pct_fd_gt_0p2,14,14,0,0.1650455927051671,0.13324579213799198,0.12340425531914889,0.07021276595744677,0.23510638297872336,0.0085106382978723,0.4297872340425532
reviewed,Peking_2,ALL,mean_dvars,14,14,0,1.1401252455927051,0.0673455459849187,1.1720664765957447,1.0832313382978724,1.1955112712765958,1.027149485106383,1.2134762510638295
reviewed,Peking_2,ALL,max_fd,14,14,0,0.8355264832857143,0.5833871107618721,0.625991445,0.40323719500000005,1.2470740625,0.26079274,2.097933236
reviewed,Peking_2,ALL,n_volumes,14,14,0,236.0,0.0,236.0,236.0,236.0,236.0,236.0
reviewed,Peking_2,ALL,tiv_mm3,14,14,0,1581923.5214285715,96358.88723659128,1565371.05,1515193.55,1654522.05,1437208.8,1787177.9
reviewed,Peking_2,0,age_years,5,5,0,11.565999999999999,1.6224919106115752,11.25,11.17,11.33,9.83,14.25
reviewed,Peking_2,0,mean_fd,5,5,0,0.13454615554846966,0.04140960905843756,0.1166545296851063,0.1067523905829786,0.1509567297659574,0.0988417082440508,0.1995254194642552
reviewed,Peking_2,0,pct_fd_gt_0p2,5,5,0,0.12765957446808504,0.09171175345639278,0.076595744680851,0.0680851063829787,0.1872340425531914,0.0468085106382978,0.2595744680851063
reviewed,Peking_2,0,mean_dvars,5,5,0,1.1514081668085105,0.07940656610449688,1.1959757574468086,1.1167030723404257,1.2037362680851065,1.027149485106383,1.2134762510638295
reviewed,Peking_2,0,max_fd,5,5,0,0.8705463160000001,0.5416732921092161,0.77440265,0.43487077,1.39206405,0.28301281,1.4683813
reviewed,Peking_2,0,n_volumes,5,5,0,236.0,0.0,236.0,236.0,236.0,236.0,236.0
reviewed,Peking_2,0,tiv_mm3,5,5,0,1535778.7999999998,82985.01614475349,1564726.8,1468297.1,1565346.5,1437208.8,1643314.8
reviewed,Peking_2,1,age_years,9,9,0,11.852222222222222,1.9732826570069593,11.33,10.0,13.33,9.67,15.08
reviewed,Peking_2,1,mean_fd,9,9,0,0.1396903440161853,0.05322661913958235,0.1458415971068085,0.0991535399148935,0.1685584860763063,0.0656372395361701,0.2343733372723404
reviewed,Peking_2,1,pct_fd_gt_0p2,9,9,0,0.1858156028368794,0.15259932831524348,0.1531914893617021,0.0808510638297872,0.2468085106382978,0.0085106382978723,0.4297872340425532
reviewed,Peking_2,1,mean_dvars,9,9,0,1.133856956028369,0.06398118642195276,1.16124054893617,1.0824931829787234,1.1838334382978726,1.0312989319148935,1.2043150425531917
reviewed,Peking_2,1,max_fd,9,9,0,0.8160710206666667,0.6365186930536865,0.54664599,0.3926926700000001,0.8121041000000001,0.26079274,2.097933236
reviewed,Peking_2,1,n_volumes,9,9,0,236.0,0.0,236.0,236.0,236.0,236.0,236.0
reviewed,Peking_2,1,tiv_mm3,9,9,0,1607559.477777778,97850.5930136192,1580510.0,1527279.2,1658530.8,1489127.5,1787177.9
reviewed,Peking_3,ALL,age_years,6,6,0,12.833333333333334,1.0783258629313621,12.96,12.665,13.1275,11.0,14.33
reviewed,Peking_3,ALL,mean_fd,6,6,0,0.12966867194502654,0.045309497418139465,0.13147407369319145,0.10160793422531905,0.16251965699223397,0.065343597740798,0.1851995473817021
reviewed,Peking_3,ALL,pct_fd_gt_0p2,6,6,0,0.1531914893617021,0.13667459777433705,0.11276595744680845,0.05744680851063828,0.2638297872340425,0.0085106382978723,0.3319148936170212
reviewed,Peking_3,ALL,mean_dvars,6,6,0,1.2132647886524823,0.10150017440169065,1.1956289489361702,1.14791750106383,1.258536635106383,1.0983025361702128,1.3785087489361705
reviewed,Peking_3,ALL,max_fd,6,6,0,0.8269291918333334,0.43119710194490596,0.9637397,0.50445661625,1.183795025,0.215389496,1.2101972
reviewed,Peking_3,ALL,n_volumes,6,6,0,236.0,0.0,236.0,236.0,236.0,236.0,236.0
reviewed,Peking_3,ALL,tiv_mm3,6,6,0,1632033.1500000001,92538.65521762785,1624643.7999999998,1590513.95,1663980.9,1505328.2,1781352.5
reviewed,Peking_3,0,age_years,3,3,0,12.89,0.2961418578992169,12.92,12.75,13.045,12.58,13.17
reviewed,Peking_3,0,mean_fd,3,3,0,0.094557268256578,0.029469674006655157,0.0940517649361701,0.07969768133848404,0.10916410351446801,0.065343597740798,0.1242764420927659
reviewed,Peking_3,0,pct_fd_gt_0p2,3,3,0,0.051063829787234,0.047385228619829946,0.0425531914893617,0.025531914893617003,0.07234042553191485,0.0085106382978723,0.102127659574468
reviewed,Peking_3,0,mean_dvars,3,3,0,1.2633427659574468,0.12254105724169503,1.2769560382978722,1.2057597744680852,1.3277323936170213,1.134563510638298,1.3785087489361705
reviewed,Peking_3,0,max_fd,3,3,0,0.6099032503333334,0.5283651280866354,0.404123055,0.3097562755,0.8071601275,0.215389496,1.2101972
reviewed,Peking_3,0,n_volumes,3,3,0,236.0,0.0,236.0,236.0,236.0,236.0,236.0
reviewed,Peking_3,0,tiv_mm3,3,3,0,1679194.3666666665,98550.96377440114,1671532.8,1628115.3,1726442.65,1584697.8,1781352.5
reviewed,Peking_3,1,age_years,3,3,0,12.776666666666666,1.6761960903585633,13.0,12.0,13.665,11.0,14.33
reviewed,Peking_3,1,mean_fd,3,3,0,0.1647800756334751,0.023779880103416064,0.1704689742251063,0.15457033975936163,0.1778342608034042,0.138671705293617,0.1851995473817021
reviewed,Peking_3,1,pct_fd_gt_0p2,3,3,0,0.25531914893617014,0.11473590436351286,0.3106382978723404,0.21702127659574463,0.3212765957446808,0.1234042553191489,0.3319148936170212
reviewed,Peking_3,1,mean_dvars,3,3,0,1.1631868113475177,0.05670971139189495,1.1879794723404256,1.1431410042553192,1.1956289489361702,1.0983025361702128,1.2032784255319149
reviewed,Peking_3,1,max_fd,3,3,0,1.0439551333333332,0.2106106962723482,1.1220221,0.9637397,1.16320405,0.8054573,1.204386
reviewed,Peking_3,1,n_volumes,3,3,0,236.0,0.0,236.0,236.0,236.0,236.0,236.0
reviewed,Peking_3,1,tiv_mm3,3,3,0,1584871.9333333333,70877.87553541183,1607962.4,1556645.2999999998,1624643.7999999998,1505328.2,1641325.2
primary,ALL,ALL,age_years,350,350,0,11.337542857142859,2.873332423746983,10.81,9.17,12.785,7.17,20.89
primary,ALL,ALL,mean_fd,350,347,3,0.19544533671547093,0.3078559650248408,0.1287705642730769,0.0956092417817142,0.1875888099489181,0.0445466502206753,3.652142740615385
primary,ALL,ALL,pct_fd_gt_0p2,350,347,3,0.1976512810933855,0.19925715011219713,0.1371428571428571,0.05228981544771015,0.2857142857142857,0.0,0.987012987012987
primary,ALL,ALL,mean_dvars,350,347,3,1.1272429737710723,0.09215674456305699,1.11097125203252,1.0630618028571428,1.176821206996149,0.939675512195122,1.5313413815789472
primary,ALL,ALL,max_fd,350,347,3,1.5274413381226686,2.798989549223877,0.6986366,0.3935759915,1.5329966949999998,0.083989724076,27.15052
primary,ALL,ALL,n_volumes,350,347,3,175.7435158501441,51.50156215461894,176.0,152.0,235.0,77.0,261.0
primary,ALL,ALL,tiv_mm3,350,350,0,1537484.736,134358.2262843661,1538252.5,1454025.55,1635213.125,1216454.8,1899012.0
primary,ALL,0,age_years,197,197,0,11.355888324873098,2.854736638147085,10.82,9.25,12.77,7.17,20.47
primary,ALL,0,mean_fd,197,195,2,0.15172725979928853,0.12758367906266982,0.1154452871927659,0.09030938163657135,0.164014432154725,0.0536030361119999,1.2531101338441557
primary,ALL,0,pct_fd_gt_0p2,197,195,2,0.16272421815570615,0.1690194233864716,0.1,0.046261398176291754,0.21167455061494794,0.0,0.8701298701298701
primary,ALL,0,mean_dvars,197,195,2,1.1365063697328752,0.09754665437674652,1.1167030723404257,1.0727976136778115,1.1966118650895858,0.939675512195122,1.5313413815789472
primary,ALL,0,max_fd,197,195,2,1.1536072315258463,1.7966055110876036,0.60681205,0.329215425,1.297801625,0.14499373,15.637889
primary,ALL,0,n_volumes,197,195,2,172.9897435897436,53.16381896403918,176.0,124.0,236.0,77.0,261.0
primary,ALL,0,tiv_mm3,197,197,0,1533669.8700507614,138442.50240054337,1533016.5,1447000.8,1632814.8,1216454.8,1899012.0
primary,ALL,1,age_years,153,153,0,11.313921568627451,2.9063223358952874,10.78,9.17,12.79,7.25,20.89
primary,ALL,1,mean_fd,153,152,1,0.2515310274960996,0.436600117581101,0.15182178728291418,0.10176014297257135,0.20344908499857137,0.0445466502206753,3.652142740615385
primary,ALL,1,pct_fd_gt_0p2,153,152,1,0.24245902630948737,0.2251153756372374,0.1854456654456654,0.07890752864157115,0.33641337386018233,0.0,0.987012987012987
primary,ALL,1,mean_dvars,153,152,1,1.1153590118463907,0.08356120971670467,1.1015903761440187,1.0550144114285713,1.1621004074164132,0.9624498742857142,1.4206781948051947
primary,ALL,1,max_fd,153,152,1,2.0070311459278027,3.6595863235999446,0.9551602800000001,0.4708861875,1.6459612139999997,0.083989724076,27.15052
primary,ALL,1,n_volumes,153,152,1,179.27631578947367,49.23510261371515,176.0,176.0,235.0,77.0,261.0
primary,ALL,1,tiv_mm3,153,153,0,1542396.6875816993,129193.75406105895,1558531.4,1463465.2,1640599.8,1222729.5,1874811.0
primary,KKI,ALL,age_years,82,82,0,10.25548780487805,1.3502383442448953,10.135,9.09,11.0975,8.02,12.99
primary,KKI,ALL,mean_fd,82,82,0,0.17851599732405773,0.10673891520349926,0.14950914902640117,0.10583134542334025,0.22503006507753187,0.0601547855430894,0.6088566254634146
primary,KKI,ALL,pct_fd_gt_0p2,82,82,0,0.2368990916528451,0.1938065615157405,0.17476982716847028,0.0794701986754966,0.3637942174123727,0.0,0.8211382113821138
primary,KKI,ALL,mean_dvars,82,82,0,1.1180638715129356,0.0664925854439291,1.1222567127281537,1.0709018642384105,1.1648364735772359,0.939675512195122,1.2853920662251654
primary,KKI,ALL,max_fd,82,82,0,1.340999071280488,1.3598388170922233,0.8293266425,0.4938895325,1.7842893,0.15619105,8.5729424
primary,KKI,ALL,n_volumes,82,82,0,133.90243902439025,13.469315614147588,124.0,124.0,152.0,124.0,152.0
primary,KKI,ALL,tiv_mm3,82,82,0,1559034.601219512,125511.14176514171,1558983.5,1477503.85,1659225.7000000002,1298144.5,1835236.9
primary,KKI,0,age_years,60,60,0,10.268833333333331,1.2787123974843702,10.21,9.255,11.0925,8.02,12.87
primary,KKI,0,mean_fd,60,60,0,0.1651459379798724,0.09061295130754315,0.139204561902439,0.09400218875493853,0.21921761308329346,0.0601547855430894,0.4476096466260163
primary,KKI,0,pct_fd_gt_0p2,60,60,0,0.21026310594231762,0.18581924835121189,0.1456953642384106,0.07113821138211375,0.3077451138749798,0.0,0.6097560975609756
primary,KKI,0,mean_dvars,60,60,0,1.1165974155144565,0.07025077149000385,1.1129154795940341,1.072039063385021,1.1601776323561084,0.939675512195122,1.2853920662251654
primary,KKI,0,max_fd,60,60,0,1.3708419496333335,1.514101113028902,0.7167850674999999,0.4567464275,1.8017391249999999,0.15619105,8.5729424
primary,KKI,0,n_volumes,60,60,0,135.2,13.832901089155987,124.0,124.0,152.0,124.0,152.0
primary,KKI,0,tiv_mm3,60,60,0,1573494.0266666668,123719.90007220156,1562330.4,1493913.625,1661991.25,1298144.5,1835236.9
primary,KKI,1,age_years,22,22,0,10.21909090909091,1.560884697522863,10.06,9.0075,11.4975,8.1,12.99
primary,KKI,1,mean_fd,22,22,0,0.21497979553547228,0.13774377002888777,0.18186046464634137,0.13887426939101516,0.23044679765389273,0.0664203238292682,0.6088566254634146
primary,KKI,1,pct_fd_gt_0p2,22,22,0,0.30954268904519266,0.20078136443448513,0.3130081300813008,0.1585365853658536,0.4314731061217897,0.0,0.8211382113821138
primary,KKI,1,mean_dvars,22,22,0,1.1220632969633337,0.05625891089660313,1.1307598252032522,1.0752459370860925,1.1697500548780486,1.000969026490066,1.1966071544715449
primary,KKI,1,max_fd,22,22,0,1.2596094030454545,0.8259278095020175,1.0756748315,0.5856565300000001,1.5641148999999999,0.18724595,2.99135395
primary,KKI,1,n_volumes,22,22,0,130.36363636363637,12.010096762408876,124.0,124.0,124.0,124.0,152.0
primary,KKI,1,tiv_mm3,22,22,0,1519599.8045454547,124623.20492398743,1497062.6,1432249.625,1602341.175,1340274.8,1823193.2
primary,NYU,ALL,age_years,139,139,0,11.511870503597123,2.823051224294951,11.28,9.055,13.34,7.17,17.86
primary,NYU,ALL,mean_fd,139,136,3,0.1678382804040733,0.17049301250737944,0.11789428139628566,0.09004352064485707,0.17443507763799998,0.0536030361119999,1.207230011617143
primary,NYU,ALL,pct_fd_gt_0p2,139,136,3,0.173781512605042,0.17596188770088309,0.11142857142857135,0.04,0.2342857142857143,0.0,0.8971428571428571
primary,NYU,ALL,mean_dvars,139,136,3,1.0741643579831932,0.05140436615588822,1.0719162400000002,1.0401904628571428,1.1060697814285716,0.9624498742857142,1.2587100342857145
primary,NYU,ALL,max_fd,139,136,3,1.4016580073121325,2.2463863651632803,0.66706725,0.3754905725,1.4411645275,0.16149515,14.8452686475
primary,NYU,ALL,n_volumes,139,136,3,176.0,0.0,176.0,176.0,176.0,176.0,176.0
primary,NYU,ALL,tiv_mm3,139,139,0,1532180.0309352519,144764.68056463212,1536565.9,1428513.35,1621345.8,1222729.5,1899012.0
primary,NYU,0,age_years,62,62,0,11.93467741935484,3.051901163849837,11.715,9.0,14.41,7.17,17.86
primary,NYU,0,mean_fd,62,60,2,0.13145725926649707,0.08394108093355025,0.1112385855314285,0.08943630841457137,0.14717078116854282,0.0536030361119999,0.6221888184114285
primary,NYU,0,pct_fd_gt_0p2,62,60,2,0.13457142857142854,0.1333138807440226,0.08285714285714285,0.03857142857142855,0.18428571428571422,0.0057142857142857,0.5771428571428572
primary,NYU,0,mean_dvars,62,60,2,1.0724643997142858,0.04838455793584465,1.0758908742857143,1.0337332814285713,1.1009976114285716,0.9756101142857144,1.227658068571429
primary,NYU,0,max_fd,62,60,2,0.9128596565583332,1.2875455561386764,0.5528494425,0.3257679875,0.940901805,0.20448954,9.4402478
primary,NYU,0,n_volumes,62,60,2,176.0,0.0,176.0,176.0,176.0,176.0,176.0
primary,NYU,0,tiv_mm3,62,62,0,1514355.501612903,160951.55238374334,1506394.2,1400854.5999999999,1596049.5750000002,1232397.6,1899012.0
primary,NYU,1,age_years,77,77,0,11.171428571428573,2.5946284158895185,10.78,9.16,12.72,7.25,17.61
primary,NYU,1,mean_fd,77,76,1,0.19656013919689666,0.2118594292854713,0.1344531725285714,0.09543434095199992,0.1911494155785714,0.0640659908131428,1.207230011617143
primary,NYU,1,pct_fd_gt_0p2,77,76,1,0.20473684210526313,0.19887331769553218,0.14571428571428563,0.044285714285714275,0.3,0.0,0.8971428571428571
primary,NYU,1,mean_dvars,77,76,1,1.075506430300752,0.05394961294019958,1.0630618028571428,1.0409242842857145,1.1102346828571428,0.9624498742857142,1.2587100342857145
primary,NYU,1,max_fd,77,76,1,1.7875514421177627,2.727104607684559,0.9156960350000001,0.3960387799999999,1.8698210875,0.16149515,14.8452686475
primary,NYU,1,n_volumes,77,76,1,176.0,0.0,176.0,176.0,176.0,176.0,176.0
primary,NYU,1,tiv_mm3,77,77,0,1546532.2493506495,129586.96679004864,1550582.5,1480797.2,1639332.4,1222729.5,1874811.0
primary,NeuroIMAGE,ALL,age_years,28,28,0,16.716071428571425,3.0053770815184575,17.48,14.455,19.18,11.05,20.89
primary,NeuroIMAGE,ALL,mean_fd,28,28,0,0.3278846799747059,0.7006390192321329,0.13359156260410376,0.10249039293951913,0.18194388037432685,0.0590261638564846,3.652142740615385
primary,NeuroIMAGE,ALL,pct_fd_gt_0p2,28,28,0,0.22156593406593403,0.2515225155163106,0.14423076923076922,0.08846153846153845,0.22115384615384615,0.0,0.9384615384615383
primary,NeuroIMAGE,ALL,mean_dvars,28,28,0,1.097042156043956,0.06558634133898365,1.087577542307692,1.065200626923077,1.1250093076923078,0.9761996346153848,1.2925188769230769
primary,NeuroIMAGE,ALL,max_fd,28,28,0,2.7491719702142854,4.937012794029286,1.081073335,0.6293829499999999,1.7445583624999998,0.166582326,24.4054605
primary,NeuroIMAGE,ALL,n_volumes,28,28,0,261.0,0.0,261.0,261.0,261.0,261.0,261.0
primary,NeuroIMAGE,ALL,tiv_mm3,28,28,0,1573770.925,110953.82041453643,1576657.5,1510726.3,1636006.175,1307689.8,1819855.9
primary,NeuroIMAGE,0,age_years,15,15,0,16.841333333333335,2.696245714392691,17.46,15.0,19.16,11.66,20.47
primary,NeuroIMAGE,0,mean_fd,15,15,0,0.13093398432814043,0.04885384310207069,0.1287705642730769,0.10174091395809605,0.14738345445327683,0.071998365431423,0.2589613515046154
primary,NeuroIMAGE,0,pct_fd_gt_0p2,15,15,0,0.1505128205128205,0.11423295837864837,0.123076923076923,0.08846153846153845,0.2019230769230769,0.0,0.3846153846153846
primary,NeuroIMAGE,0,mean_dvars,15,15,0,1.0945092987179488,0.06052921185064059,1.090079996153846,1.0707345865384617,1.1243576423076924,0.9761996346153848,1.2460868423076925
primary,NeuroIMAGE,0,max_fd,15,15,0,1.0176741506666667,0.7942394899209414,0.78744085,0.5951041299999997,1.1192890649999998,0.179127805,3.227446
primary,NeuroIMAGE,0,n_volumes,15,15,0,261.0,0.0,261.0,261.0,261.0,261.0,261.0
primary,NeuroIMAGE,0,tiv_mm3,15,15,0,1568325.9266666668,105887.42075764418,1554813.8,1509287.5,1621794.95,1357090.5,1819855.9
primary,NeuroIMAGE,1,age_years,13,13,0,16.571538461538463,3.434974153599621,17.5,13.33,19.15,11.05,20.89
primary,NeuroIMAGE,1,mean_fd,13,13,0,0.5551354826438197,0.9986470212947136,0.1529676371499999,0.1139982649730769,0.2235320704999999,0.0590261638564846,3.652142740615385
primary,NeuroIMAGE,1,pct_fd_gt_0p2,13,13,0,0.3035502958579881,0.33693735165603134,0.1923076923076923,0.0923076923076923,0.2615384615384615,0.0,0.9384615384615383
primary,NeuroIMAGE,1,mean_dvars,13,13,0,1.0999646837278108,0.07339509412326024,1.0850750884615383,1.056469576923077,1.1246224423076925,1.0113673807692307,1.2925188769230769
primary,NeuroIMAGE,1,max_fd,13,13,0,4.747054069692308,6.784835706395042,1.48301199,1.11890674,5.95259555,0.166582326,24.4054605
primary,NeuroIMAGE,1,n_volumes,13,13,0,261.0,0.0,261.0,261.0,261.0,261.0,261.0
primary,NeuroIMAGE,1,tiv_mm3,13,13,0,1580053.6153846157,120575.82545676286,1584064.8,1513519.1,1642151.9,1307689.8,1760648.6
primary,OHSU,ALL,age_years,32,32,0,8.7365625,1.2248807957142922,8.46,7.98,9.21,7.33,12.5
primary,OHSU,ALL,mean_fd,32,32,0,0.38246556727343867,0.6349397239779071,0.16981875361038956,0.10290872845353721,0.23954806473051948,0.0445466502206753,3.0412489909090907
primary,OHSU,ALL,pct_fd_gt_0p2,32,32,0,0.2903387730690362,0.30285735158522414,0.2155673274094326,0.0519480519480519,0.4448051948051948,0.0,0.987012987012987
primary,OHSU,ALL,mean_dvars,32,32,0,1.2830776240014097,0.09438679952375813,1.2795468246753245,1.2223020097402597,1.3268866461038964,1.083736948051948,1.5313413815789472
primary,OHSU,ALL,max_fd,32,32,0,3.1153551564554993,5.754782990179125,0.586586635,0.27791460500000004,2.4042546400000004,0.083989724076,27.15052
primary,OHSU,ALL,n_volumes,32,32,0,77.78125,0.42001344064515445,78.0,78.0,78.0,77.0,78.0
primary,OHSU,ALL,tiv_mm3,32,32,0,1523260.79375,139949.04341994404,1525221.4,1422170.65,1648458.675,1274818.0,1789939.5
primary,OHSU,0,age_years,19,19,0,8.744736842105262,1.2129549246047056,8.5,8.08,9.04,7.33,12.5
primary,OHSU,0,mean_fd,19,19,0,0.2732349731040356,0.31409820257600013,0.1154775503810526,0.102894585065516,0.22310911065584416,0.0593839899114285,1.2531101338441557
primary,OHSU,0,pct_fd_gt_0p2,19,19,0,0.2520595747742562,0.2723446288635471,0.1052631578947368,0.0519480519480519,0.4025974025974026,0.0,0.8701298701298701
primary,OHSU,0,mean_dvars,19,19,0,1.2955479493380582,0.09975116620716896,1.2812505714285716,1.2237285509227611,1.3490637207792209,1.1610191298701298,1.5313413815789472
primary,OHSU,0,max_fd,19,19,0,2.5162436312631575,4.228114982945743,0.5516924000000001,0.25062991,2.45003026,0.14499373,15.637889
primary,OHSU,0,n_volumes,19,19,0,77.6842105263158,0.4775669329409193,78.0,77.0,78.0,77.0,78.0
primary,OHSU,0,tiv_mm3,19,19,0,1526140.352631579,133585.8663115117,1479676.9,1437780.4,1655888.55,1302590.0,1789939.5
primary,OHSU,1,age_years,13,13,0,8.724615384615385,1.2917856851700504,8.42,7.92,9.17,7.42,11.33
primary,OHSU,1,mean_fd,13,13,0,0.5421102818287201,0.9203144845319967,0.1734287599999999,0.104890133864935,0.2732126059220779,0.0445466502206753,3.0412489909090907
primary,OHSU,1,pct_fd_gt_0p2,13,13,0,0.3462852936537147,0.3463837322295457,0.2337662337662337,0.0909090909090909,0.5844155844155844,0.0,0.987012987012987
primary,OHSU,1,mean_dvars,13,13,0,1.2648517638940007,0.08650460287248145,1.2778430779220775,1.22455625974026,1.3081239870129868,1.083736948051948,1.4206781948051947
primary,OHSU,1,max_fd,13,13,0,3.9909796932750763,7.572268680122257,0.9614788449999998,0.3907829,2.21687505,0.083989724076,27.15052
primary,OHSU,1,n_volumes,13,13,0,77.92307692307692,0.2773500981126145,78.0,78.0,78.0,77.0,78.0
primary,OHSU,1,tiv_mm3,13,13,0,1519052.2076923077,154260.78225086062,1558531.4,1361684.9,1647170.5,1274818.0,1724900.9
primary,Peking_1,ALL,age_years,49,49,0,10.977959183673468,1.7492700615683445,10.42,9.75,12.0,8.33,15.17
primary,Peking_1,ALL,mean_fd,49,49,0,0.12709364953350463,0.048893945906457355,0.1214287244108085,0.0971324359533782,0.1478523163459573,0.0549351778546382,0.2781260499786325
primary,Peking_1,ALL,pct_fd_gt_0p2,49,49,0,0.13878590170383479,0.1405352690563884,0.0936170212765957,0.0425531914893617,0.1752136752136752,0.0,0.6410256410256411
primary,Peking_1,ALL,mean_dvars,49,49,0,1.19119827023058,0.07651817535427796,1.1982698255319146,1.1264449444444444,1.2574736851063828,1.0027718638297871,1.324519510638298
primary,Peking_1,ALL,max_fd,49,49,0,0.7368899061130612,0.6740025176700793,0.5044148,0.32280765,0.8396088499999999,0.15794653604,3.25857025
primary,Peking_1,ALL,n_volumes,49,49,0,235.71428571428572,0.45643546458763845,236.0,235.0,236.0,235.0,236.0
primary,Peking_1,ALL,tiv_mm3,49,49,0,1480749.724489796,121170.12567619981,1471548.0,1376485.0,1570470.2,1216454.8,1703719.0
primary,Peking_1,0,age_years,33,33,0,11.083636363636364,1.865947845904693,10.42,9.75,12.0,8.33,15.17
primary,Peking_1,0,mean_fd,33,33,0,0.11147718150509789,0.040562580717306125,0.1014300036391489,0.0845788025361701,0.1318578306809361,0.0549351778546382,0.2186950370548935
primary,Peking_1,0,pct_fd_gt_0p2,33,33,0,0.09705566301310979,0.10861785230580777,0.0680851063829787,0.0170212765957446,0.1446808510638297,0.0,0.4425531914893617
primary,Peking_1,0,mean_dvars,33,33,0,1.2028761676993616,0.07057360896806768,1.2026445446808511,1.1407547404255318,1.2662282723404252,1.0638062510638298,1.3224556638297875
primary,Peking_1,0,max_fd,33,33,0,0.5659130663951515,0.4411108396483758,0.43267307,0.277149235,0.6618654500000001,0.15794653604,1.8891858
primary,Peking_1,0,n_volumes,33,33,0,235.8181818181818,0.39167472590032015,236.0,236.0,236.0,235.0,236.0
primary,Peking_1,0,tiv_mm3,33,33,0,1472583.303030303,115115.52903204047,1471548.0,1376485.0,1551959.2,1216454.8,1703719.0
primary,Peking_1,1,age_years,16,16,0,10.76,1.5128868651246419,10.455,9.56,11.375,8.83,14.0
primary,Peking_1,1,mean_fd,16,16,0,0.15930261484209346,0.049968525632791576,0.14458931735663755,0.12073362416601235,0.1910516806899572,0.0983391253021276,0.2781260499786325
primary,Peking_1,1,pct_fd_gt_0p2,16,16,0,0.22485451900345516,0.16216975152274507,0.17021276595744675,0.09903164211674842,0.3148117839607201,0.0425531914893617,0.6410256410256411
primary,Peking_1,1,mean_dvars,16,16,0,1.1671126067012185,0.08480525654321568,1.1349979083924349,1.1137706554964537,1.22663084870431,1.0027718638297871,1.324519510638298
primary,Peking_1,1,max_fd,16,16,0,1.08952963803125,0.9174065639277142,0.7953494,0.5026372875,1.0671670500000001,0.3674497,3.25857025
primary,Peking_1,1,n_volumes,16,16,0,235.5,0.5163977794943222,235.5,235.0,236.0,235.0,236.0
primary,Peking_1,1,tiv_mm3,16,16,0,1497592.96875,135143.12062667846,1484376.35,1376472.45,1622733.35,1297907.0,1688403.2
primary,Peking_2,ALL,age_years,14,14,0,11.749999999999998,1.7962353794705022,11.29,10.23,13.29,9.67,15.08
primary,Peking_2,ALL,mean_fd,14,14,0,0.13785313384914397,0.04772409919198085,0.1312480633959574,0.10000029706765948,0.16494222563276162,0.0656372395361701,0.2343733372723404
primary,Peking_2,ALL,pct_fd_gt_0p2,14,14,0,0.1650455927051671,0.13324579213799198,0.12340425531914889,0.07021276595744677,0.23510638297872336,0.0085106382978723,0.4297872340425532
primary,Peking_2,ALL,mean_dvars,14,14,0,1.1401252455927051,0.0673455459849187,1.1720664765957447,1.0832313382978724,1.1955112712765958,1.027149485106383,1.2134762510638295
primary,Peking_2,ALL,max_fd,14,14,0,0.8355264832857143,0.5833871107618721,0.625991445,0.40323719500000005,1.2470740625,0.26079274,2.097933236
primary,Peking_2,ALL,n_volumes,14,14,0,236.0,0.0,236.0,236.0,236.0,236.0,236.0
primary,Peking_2,ALL,tiv_mm3,14,14,0,1581923.5214285715,96358.88723659128,1565371.05,1515193.55,1654522.05,1437208.8,1787177.9
primary,Peking_2,0,age_years,5,5,0,11.565999999999999,1.6224919106115752,11.25,11.17,11.33,9.83,14.25
primary,Peking_2,0,mean_fd,5,5,0,0.13454615554846966,0.04140960905843756,0.1166545296851063,0.1067523905829786,0.1509567297659574,0.0988417082440508,0.1995254194642552
primary,Peking_2,0,pct_fd_gt_0p2,5,5,0,0.12765957446808504,0.09171175345639278,0.076595744680851,0.0680851063829787,0.1872340425531914,0.0468085106382978,0.2595744680851063
primary,Peking_2,0,mean_dvars,5,5,0,1.1514081668085105,0.07940656610449688,1.1959757574468086,1.1167030723404257,1.2037362680851065,1.027149485106383,1.2134762510638295
primary,Peking_2,0,max_fd,5,5,0,0.8705463160000001,0.5416732921092161,0.77440265,0.43487077,1.39206405,0.28301281,1.4683813
primary,Peking_2,0,n_volumes,5,5,0,236.0,0.0,236.0,236.0,236.0,236.0,236.0
primary,Peking_2,0,tiv_mm3,5,5,0,1535778.7999999998,82985.01614475349,1564726.8,1468297.1,1565346.5,1437208.8,1643314.8
primary,Peking_2,1,age_years,9,9,0,11.852222222222222,1.9732826570069593,11.33,10.0,13.33,9.67,15.08
primary,Peking_2,1,mean_fd,9,9,0,0.1396903440161853,0.05322661913958235,0.1458415971068085,0.0991535399148935,0.1685584860763063,0.0656372395361701,0.2343733372723404
primary,Peking_2,1,pct_fd_gt_0p2,9,9,0,0.1858156028368794,0.15259932831524348,0.1531914893617021,0.0808510638297872,0.2468085106382978,0.0085106382978723,0.4297872340425532
primary,Peking_2,1,mean_dvars,9,9,0,1.133856956028369,0.06398118642195276,1.16124054893617,1.0824931829787234,1.1838334382978726,1.0312989319148935,1.2043150425531917
primary,Peking_2,1,max_fd,9,9,0,0.8160710206666667,0.6365186930536865,0.54664599,0.3926926700000001,0.8121041000000001,0.26079274,2.097933236
primary,Peking_2,1,n_volumes,9,9,0,236.0,0.0,236.0,236.0,236.0,236.0,236.0
primary,Peking_2,1,tiv_mm3,9,9,0,1607559.477777778,97850.5930136192,1580510.0,1527279.2,1658530.8,1489127.5,1787177.9
primary,Peking_3,ALL,age_years,6,6,0,12.833333333333334,1.0783258629313621,12.96,12.665,13.1275,11.0,14.33
primary,Peking_3,ALL,mean_fd,6,6,0,0.12966867194502654,0.045309497418139465,0.13147407369319145,0.10160793422531905,0.16251965699223397,0.065343597740798,0.1851995473817021
primary,Peking_3,ALL,pct_fd_gt_0p2,6,6,0,0.1531914893617021,0.13667459777433705,0.11276595744680845,0.05744680851063828,0.2638297872340425,0.0085106382978723,0.3319148936170212
primary,Peking_3,ALL,mean_dvars,6,6,0,1.2132647886524823,0.10150017440169065,1.1956289489361702,1.14791750106383,1.258536635106383,1.0983025361702128,1.3785087489361705
primary,Peking_3,ALL,max_fd,6,6,0,0.8269291918333334,0.43119710194490596,0.9637397,0.50445661625,1.183795025,0.215389496,1.2101972
primary,Peking_3,ALL,n_volumes,6,6,0,236.0,0.0,236.0,236.0,236.0,236.0,236.0
primary,Peking_3,ALL,tiv_mm3,6,6,0,1632033.1500000001,92538.65521762785,1624643.7999999998,1590513.95,1663980.9,1505328.2,1781352.5
primary,Peking_3,0,age_years,3,3,0,12.89,0.2961418578992169,12.92,12.75,13.045,12.58,13.17
primary,Peking_3,0,mean_fd,3,3,0,0.094557268256578,0.029469674006655157,0.0940517649361701,0.07969768133848404,0.10916410351446801,0.065343597740798,0.1242764420927659
primary,Peking_3,0,pct_fd_gt_0p2,3,3,0,0.051063829787234,0.047385228619829946,0.0425531914893617,0.025531914893617003,0.07234042553191485,0.0085106382978723,0.102127659574468
primary,Peking_3,0,mean_dvars,3,3,0,1.2633427659574468,0.12254105724169503,1.2769560382978722,1.2057597744680852,1.3277323936170213,1.134563510638298,1.3785087489361705
primary,Peking_3,0,max_fd,3,3,0,0.6099032503333334,0.5283651280866354,0.404123055,0.3097562755,0.8071601275,0.215389496,1.2101972
primary,Peking_3,0,n_volumes,3,3,0,236.0,0.0,236.0,236.0,236.0,236.0,236.0
primary,Peking_3,0,tiv_mm3,3,3,0,1679194.3666666665,98550.96377440114,1671532.8,1628115.3,1726442.65,1584697.8,1781352.5
primary,Peking_3,1,age_years,3,3,0,12.776666666666666,1.6761960903585633,13.0,12.0,13.665,11.0,14.33
primary,Peking_3,1,mean_fd,3,3,0,0.1647800756334751,0.023779880103416064,0.1704689742251063,0.15457033975936163,0.1778342608034042,0.138671705293617,0.1851995473817021
primary,Peking_3,1,pct_fd_gt_0p2,3,3,0,0.25531914893617014,0.11473590436351286,0.3106382978723404,0.21702127659574463,0.3212765957446808,0.1234042553191489,0.3319148936170212
primary,Peking_3,1,mean_dvars,3,3,0,1.1631868113475177,0.05670971139189495,1.1879794723404256,1.1431410042553192,1.1956289489361702,1.0983025361702128,1.2032784255319149
primary,Peking_3,1,max_fd,3,3,0,1.0439551333333332,0.2106106962723482,1.1220221,0.9637397,1.16320405,0.8054573,1.204386
primary,Peking_3,1,n_volumes,3,3,0,236.0,0.0,236.0,236.0,236.0,236.0,236.0
primary,Peking_3,1,tiv_mm3,3,3,0,1584871.9333333333,70877.87553541183,1607962.4,1556645.2999999998,1624643.7999999998,1505328.2,1641325.2
warning_free,ALL,ALL,age_years,302,302,0,11.525662251655628,2.866460547712734,10.92,9.4475,12.9525,7.17,20.89
warning_free,ALL,ALL,mean_fd,302,299,3,0.16748131972176097,0.2203554637079538,0.1213650123178807,0.09179196568479994,0.1724768012251655,0.0445466502206753,3.0412489909090907
warning_free,ALL,ALL,pct_fd_gt_0p2,302,299,3,0.1740499837354013,0.18224867103297449,0.1076923076923077,0.0468085106382978,0.2342857142857143,0.0,0.987012987012987
warning_free,ALL,ALL,mean_dvars,302,299,3,1.1259005458248228,0.09107794850562936,1.1106634553191488,1.0607481085714285,1.1791824602564103,0.9624498742857142,1.5313413815789472
warning_free,ALL,ALL,max_fd,302,299,3,1.2963946581841672,2.288198481380355,0.6249142999999999,0.3713160475,1.4188620749999998,0.083989724076,27.15052
warning_free,ALL,ALL,n_volumes,302,299,3,177.94648829431438,51.98596686654351,176.0,152.0,236.0,77.0,261.0
warning_free,ALL,ALL,tiv_mm3,302,302,0,1537679.6688741723,132055.09702895608,1540668.45,1457794.925,1633671.9000000001,1216454.8,1899012.0
warning_free,ALL,0,age_years,182,182,0,11.412912087912085,2.8474109172115085,10.85,9.307500000000001,12.6425,7.17,20.47
warning_free,ALL,0,mean_fd,182,180,2,0.14496368711579405,0.1197646088662685,0.11365453582384094,0.0893701228245737,0.15691540759127248,0.0536030361119999,1.2531101338441557
warning_free,ALL,0,pct_fd_gt_0p2,182,180,2,0.15419978378628288,0.1634930993916182,0.0955889984431759,0.04444831591173053,0.19615061590145572,0.0,0.8701298701298701
warning_free,ALL,0,mean_dvars,182,180,2,1.1376822412232293,0.09639270875600932,1.1170149733130699,1.0729853111246201,1.1982733756424424,0.9756101142857144,1.5313413815789472
warning_free,ALL,0,max_fd,182,180,2,1.0463396702363335,1.602937154750596,0.5694698499999999,0.324002118,1.1274809,0.14499373,15.637889
warning_free,ALL,0,n_volumes,182,180,2,174.36111111111111,53.83004123666132,176.0,124.0,236.0,77.0,261.0
warning_free,ALL,0,tiv_mm3,182,182,0,1534478.547802198,137038.25910879506,1534205.25,1447678.25,1632273.8,1216454.8,1899012.0
warning_free,ALL,1,age_years,120,120,0,11.696666666666665,2.898666843186211,11.0,9.5775,13.1975,7.35,20.89
warning_free,ALL,1,mean_fd,120,119,1,0.20154160433582852,0.3145218108934237,0.1370417122135318,0.09832705380872335,0.18810016037650476,0.0445466502206753,3.0412489909090907
warning_free,ALL,1,pct_fd_gt_0p2,120,119,1,0.20407549626347946,0.20450576451275915,0.1544715447154471,0.0514285714285714,0.2753542392566783,0.0,0.987012987012987
warning_free,ALL,1,mean_dvars,120,119,1,1.1080794939616871,0.07951124569429639,1.0929379384615383,1.0483540171428571,1.1451097762137048,0.9624498742857142,1.365755142857143
warning_free,ALL,1,max_fd,120,119,1,1.6746290937355126,3.014204779273966,0.8076882,0.3959140099999999,1.5956031849999999,0.083989724076,27.15052
warning_free,ALL,1,n_volumes,120,119,1,183.36974789915968,48.786957403057734,176.0,176.0,235.0,77.0,261.0
warning_free,ALL,1,tiv_mm3,120,120,0,1542534.7025000001,124523.39082462685,1559195.95,1464037.45,1635301.3,1222729.5,1874811.0
warning_free,KKI,ALL,age_years,72,72,0,10.369305555555554,1.3358684745801708,10.370000000000001,9.3675,11.182500000000001,8.02,12.99
warning_free,KKI,ALL,mean_fd,72,72,0,0.1667061316070086,0.09874923868352722,0.13949731503117885,0.09628117804756088,0.20166951050623216,0.0601547855430894,0.6088566254634146
warning_free,KKI,ALL,pct_fd_gt_0p2,72,72,0,0.2141422435195654,0.1873630393110818,0.15008345447692883,0.07308996931028908,0.3170731707317073,0.0,0.8211382113821138
warning_free,KKI,ALL,mean_dvars,72,72,0,1.1209187103456633,0.06415573780948401,1.1236743346793732,1.0761722582781454,1.1601776323561084,0.9882571854304636,1.2853920662251654
warning_free,KKI,ALL,max_fd,72,72,0,1.2658333850555554,1.3707346903786015,0.7057478925,0.4572693875,1.7569819,0.15619105,8.5729424
warning_free,KKI,ALL,n_volumes,72,72,0,134.88888888888889,13.745734862751352,124.0,124.0,152.0,124.0,152.0
warning_free,KKI,ALL,tiv_mm3,72,72,0,1573093.626388889,122490.8646257873,1573621.9,1489522.5,1661712.65,1298144.5,1835236.9
warning_free,KKI,0,age_years,57,57,0,10.315438596491225,1.2902907620480613,10.38,9.3,11.1,8.02,12.87
warning_free,KKI,0,mean_fd,57,57,0,0.15992000141743806,0.08765020947177465,0.1320529810993377,0.0921873819953642,0.1966464964039735,0.0601547855430894,0.4476096466260163
warning_free,KKI,0,pct_fd_gt_0p2,57,57,0,0.19907883637916193,0.17893892273171275,0.1382113821138211,0.065040650406504,0.3008130081300813,0.0,0.6097560975609756
warning_free,KKI,0,mean_dvars,57,57,0,1.120842051276093,0.06754445676527379,1.1156602516556289,1.0771429006622515,1.1624807479674797,0.9882571854304636,1.2853920662251654
warning_free,KKI,0,max_fd,57,57,0,1.320116324,1.4910988332946782,0.70206535,0.45349511,1.7979429999999998,0.15619105,8.5729424
warning_free,KKI,0,n_volumes,57,57,0,135.78947368421052,13.947269115833166,124.0,124.0,152.0,124.0,152.0
warning_free,KKI,0,tiv_mm3,57,57,0,1575668.1578947369,123497.93526278796,1563348.4,1494874.0,1661830.4,1298144.5,1835236.9
warning_free,KKI,1,age_years,15,15,0,10.574000000000002,1.5277705512094601,10.36,9.7,11.77,8.1,12.99
warning_free,KKI,1,mean_fd,15,15,0,0.19249342632737662,0.13350421020992784,0.1637174705691057,0.11504958340813004,0.2060744626614709,0.0664203238292682,0.6088566254634146
warning_free,KKI,1,pct_fd_gt_0p2,15,15,0,0.27138319065309857,0.21335671435658388,0.2276422764227642,0.1260162601626016,0.38612502019059924,0.0,0.8211382113821138
warning_free,KKI,1,mean_dvars,15,15,0,1.1212100148100286,0.05123144653714169,1.1292119024390248,1.0803761655629138,1.149358357723577,1.027189728476821,1.1966071544715449
warning_free,KKI,1,max_fd,15,15,0,1.0595582170666666,0.760057519636677,0.8076882,0.48887688799999995,1.387971575,0.18724595,2.891924
warning_free,KKI,1,n_volumes,15,15,0,131.46666666666667,12.816655830077778,124.0,124.0,138.0,124.0,152.0
warning_free,KKI,1,tiv_mm3,15,15,0,1563310.4066666667,122291.7840845671,1583858.8,1473339.35,1623034.4500000002,1340274.8,1823193.2
warning_free,NYU,ALL,age_years,113,113,0,11.815929203539822,2.791677886776076,11.43,9.53,14.09,7.17,17.86
warning_free,NYU,ALL,mean_fd,113,110,3,0.14219929096405845,0.11750481736238114,0.10807118037714275,0.08763249713283136,0.16286432264130854,0.0536030361119999,1.115346931297143
warning_free,NYU,ALL,pct_fd_gt_0p2,113,110,3,0.14425974025974023,0.15163725843965714,0.08857142857142855,0.0342857142857142,0.21999999999999997,0.0,0.8971428571428571
warning_free,NYU,ALL,mean_dvars,113,110,3,1.0670365965714288,0.04805965385361326,1.0630618028571428,1.0331246414285715,1.100312647142857,0.9624498742857142,1.227658068571429
warning_free,NYU,ALL,max_fd,113,110,3,1.094282448854091,1.4452404914981416,0.56682428,0.359427705,1.3574794,0.16149515,10.132432800000002
warning_free,NYU,ALL,n_volumes,113,110,3,176.0,0.0,176.0,176.0,176.0,176.0,176.0
warning_free,NYU,ALL,tiv_mm3,113,113,0,1529886.342477876,144157.86115715659,1539111.9,1426836.1,1622097.8,1222729.5,1899012.0
warning_free,NYU,0,age_years,53,53,0,12.057735849056606,2.984356419158869,11.87,9.53,14.42,7.17,17.86
warning_free,NYU,0,mean_fd,53,51,2,0.1190135266870498,0.05402669432161006,0.1025919484959999,0.08928505431257135,0.1331149586228571,0.0536030361119999,0.3300096674971428
warning_free,NYU,0,pct_fd_gt_0p2,53,51,2,0.11753501400560219,0.11961983264385845,0.08,0.0342857142857142,0.16857142857142854,0.0057142857142857,0.5771428571428572
warning_free,NYU,0,mean_dvars,53,51,2,1.0679290281232494,0.04869833640797526,1.0730036914285717,1.0307762942857144,1.1000289657142857,0.9756101142857144,1.227658068571429
warning_free,NYU,0,max_fd,53,51,2,0.7039269186960783,0.6239219128089208,0.4964000744999999,0.30630322249999997,0.796791225,0.20448954,3.2899455
warning_free,NYU,0,n_volumes,53,51,2,176.0,0.0,176.0,176.0,176.0,176.0,176.0
warning_free,NYU,0,tiv_mm3,53,53,0,1518196.4037735846,159742.35860922563,1510026.5,1400709.4,1603763.4,1273275.8,1899012.0
warning_free,NYU,1,age_years,60,60,0,11.602333333333332,2.61644043787963,11.004999999999999,9.4875,13.2925,7.35,17.61
warning_free,NYU,1,mean_fd,60,59,1,0.16224122279672695,0.15016914822251706,0.1179171087697142,0.08668652164628565,0.17635512526342856,0.0640659908131428,1.115346931297143
warning_free,NYU,1,pct_fd_gt_0p2,60,59,1,0.1673607748184019,0.1723556242003085,0.1028571428571428,0.0371428571428571,0.2342857142857143,0.0,0.8971428571428571
warning_free,NYU,1,mean_dvars,60,59,1,1.0662651726876513,0.047905884497978106,1.0583341942857143,1.0369385742857142,1.10065908,0.9624498742857142,1.16758556
warning_free,NYU,1,max_fd,60,59,1,1.4317084156008473,1.827556267031233,0.66258735,0.3724659725,1.59095816,0.16149515,10.132432800000002
warning_free,NYU,1,n_volumes,60,59,1,176.0,0.0,176.0,176.0,176.0,176.0,176.0
warning_free,NYU,1,tiv_mm3,60,60,0,1540212.4550000003,129337.95228897916,1549904.35,1456617.925,1632786.4,1222729.5,1874811.0
warning_free,NeuroIMAGE,ALL,age_years,26,26,0,16.775,2.910106870889796,17.48,14.795,19.125,11.05,20.89
warning_free,NeuroIMAGE,ALL,mean_fd,26,26,0,0.20577592149036367,0.2678410424621784,0.1319990389995076,0.10157426940317298,0.16147737964971534,0.0590261638564846,1.2400408657346154
warning_free,NeuroIMAGE,ALL,pct_fd_gt_0p2,26,26,0,0.19245562130177515,0.2163836193726722,0.13076923076923075,0.08076923076923075,0.20673076923076922,0.0,0.9384615384615383
warning_free,NeuroIMAGE,ALL,mean_dvars,26,26,0,1.09108430443787,0.054904339400222935,1.087577542307692,1.0694227817307693,1.1241031769230772,0.9761996346153848,1.2460868423076925
warning_free,NeuroIMAGE,ALL,max_fd,26,26,0,1.9789403048461538,2.615517531840575,1.0033884899999999,0.62640385,1.54649346,0.166582326,9.7243778
warning_free,NeuroIMAGE,ALL,n_volumes,26,26,0,261.0,0.0,261.0,261.0,261.0,261.0,261.0
warning_free,NeuroIMAGE,ALL,tiv_mm3,26,26,0,1566529.4384615384,108830.43906736415,1570803.4500000002,1505140.7,1631857.425,1307689.8,1819855.9
warning_free,NeuroIMAGE,0,age_years,15,15,0,16.841333333333335,2.696245714392691,17.46,15.0,19.16,11.66,20.47
warning_free,NeuroIMAGE,0,mean_fd,15,15,0,0.13093398432814043,0.04885384310207069,0.1287705642730769,0.10174091395809605,0.14738345445327683,0.071998365431423,0.2589613515046154
warning_free,NeuroIMAGE,0,pct_fd_gt_0p2,15,15,0,0.1505128205128205,0.11423295837864837,0.123076923076923,0.08846153846153845,0.2019230769230769,0.0,0.3846153846153846
warning_free,NeuroIMAGE,0,mean_dvars,15,15,0,1.0945092987179488,0.06052921185064059,1.090079996153846,1.0707345865384617,1.1243576423076924,0.9761996346153848,1.2460868423076925
warning_free,NeuroIMAGE,0,max_fd,15,15,0,1.0176741506666667,0.7942394899209414,0.78744085,0.5951041299999997,1.1192890649999998,0.179127805,3.227446
warning_free,NeuroIMAGE,0,n_volumes,15,15,0,261.0,0.0,261.0,261.0,261.0,261.0,261.0
warning_free,NeuroIMAGE,0,tiv_mm3,15,15,0,1568325.9266666668,105887.42075764418,1554813.8,1509287.5,1621794.95,1357090.5,1819855.9
warning_free,NeuroIMAGE,1,age_years,11,11,0,16.684545454545454,3.313392109715853,17.5,14.915,18.674999999999997,11.05,20.89
warning_free,NeuroIMAGE,1,mean_fd,11,11,0,0.30783310852975904,0.39515373360448325,0.1510818464705769,0.1075572363040384,0.21157829387115373,0.0590261638564846,1.2400408657346154
warning_free,NeuroIMAGE,1,pct_fd_gt_0p2,11,11,0,0.2496503496503496,0.30421814884576426,0.1692307692307692,0.08269230769230765,0.2019230769230769,0.0,0.9384615384615383
warning_free,NeuroIMAGE,1,mean_dvars,11,11,0,1.0864138576923077,0.04863462009168214,1.0850750884615383,1.0629655346153846,1.1100160865384616,1.0113673807692307,1.1794392538461538
warning_free,NeuroIMAGE,1,max_fd,11,11,0,3.289757787818182,3.597648028133872,1.48301199,1.0411966,5.0751579,0.166582326,9.7243778
warning_free,NeuroIMAGE,1,n_volumes,11,11,0,261.0,0.0,261.0,261.0,261.0,261.0,261.0
warning_free,NeuroIMAGE,1,tiv_mm3,11,11,0,1564079.6818181819,117905.53189405335,1584064.8,1507933.5,1638054.75,1307689.8,1707645.2
warning_free,OHSU,ALL,age_years,26,26,0,8.842307692307692,1.261190890205944,8.5,8.1025,9.29,7.33,12.5
warning_free,OHSU,ALL,mean_fd,26,26,0,0.33563625921642,0.6129106987648655,0.12038708035935744,0.0998178588713943,0.217607351607423,0.0445466502206753,3.0412489909090907
warning_free,OHSU,ALL,pct_fd_gt_0p2,26,26,0,0.254442925495557,0.2911620914549244,0.10457963089542036,0.0519480519480519,0.3766233766233766,0.0,0.987012987012987
warning_free,OHSU,ALL,mean_dvars,26,26,0,1.273784217052684,0.094821908047648,1.2795468246753245,1.202597834415584,1.3209008863636367,1.083736948051948,1.5313413815789472
warning_free,OHSU,ALL,max_fd,26,26,0,2.8734688927529226,6.006111291636363,0.54559504,0.24223640000000002,2.178577928,0.083989724076,27.15052
warning_free,OHSU,ALL,n_volumes,26,26,0,77.73076923076923,0.45234432086120474,78.0,77.25,78.0,77.0,78.0
warning_free,OHSU,ALL,tiv_mm3,26,26,0,1525321.880769231,125601.05652413923,1525221.4,1431815.3,1638613.9500000002,1302590.0,1789939.5
warning_free,OHSU,0,age_years,17,17,0,8.71470588235294,1.193713311724484,8.5,8.08,8.75,7.33,12.5
warning_free,OHSU,0,mean_fd,17,17,0,0.2590133039319512,0.3145355023357374,0.1154775503810526,0.1028662982894736,0.2178916703116883,0.0593839899114285,1.2531101338441557
warning_free,OHSU,0,pct_fd_gt_0p2,17,17,0,0.24733625507619308,0.27568508229916855,0.1052631578947368,0.0519480519480519,0.3896103896103896,0.0,0.8701298701298701
warning_free,OHSU,0,mean_dvars,17,17,0,1.2885510251196173,0.09856088204010494,1.2812505714285716,1.2155392597402594,1.3390143116883118,1.1610191298701298,1.5313413815789472
warning_free,OHSU,0,max_fd,17,17,0,2.2044515055294114,4.016884495287836,0.5516924000000001,0.22964382,2.3584790200000003,0.14499373,15.637889
warning_free,OHSU,0,n_volumes,17,17,0,77.6470588235294,0.492592183071889,78.0,77.0,78.0,77.0,78.0
warning_free,OHSU,0,tiv_mm3,17,17,0,1519559.9470588234,134136.34787726312,1479676.9,1425850.2,1644607.1,1302590.0,1789939.5
warning_free,OHSU,1,age_years,9,9,0,9.083333333333334,1.4215396582579047,8.58,8.42,9.83,7.42,11.33
warning_free,OHSU,1,mean_fd,9,9,0,0.4803685080870835,0.9695509058559021,0.1252966103376623,0.0988017123987012,0.1914895461611038,0.0445466502206753,3.0412489909090907
warning_free,OHSU,1,pct_fd_gt_0p2,9,9,0,0.2678666362876889,0.33557180840597234,0.1038961038961039,0.0519480519480519,0.3116883116883117,0.0,0.987012987012987
warning_free,OHSU,1,mean_dvars,9,9,0,1.2458913573706996,0.08561745989365555,1.2778430779220775,1.1890073506493506,1.293974,1.083736948051948,1.365755142857143
warning_free,OHSU,1,max_fd,9,9,0,4.137168401952888,8.815378493514961,0.52138075,0.28001414,1.6388746519999997,0.083989724076,27.15052
warning_free,OHSU,1,n_volumes,9,9,0,77.88888888888889,0.33333333333333337,78.0,78.0,78.0,77.0,78.0
warning_free,OHSU,1,tiv_mm3,9,9,0,1536205.5333333332,114498.46879448871,1558531.4,1510347.9,1620634.5,1346524.5,1652833.1
warning_free,Peking_1,ALL,age_years,48,48,0,10.9375,1.7444580942382053,10.42,9.73,11.94,8.33,15.17
warning_free,Peking_1,ALL,mean_fd,48,48,0,0.12553923673653525,0.048172288546145775,0.1200385239212162,0.09552247065226768,0.14585790677751492,0.0549351778546382,0.2781260499786325
warning_free,Peking_1,ALL,pct_fd_gt_0p2,48,48,0,0.13232898405770743,0.13447681831945754,0.09168030551009271,0.03936170212765955,0.1714629932715039,0.0,0.6410256410256411
warning_free,Peking_1,ALL,mean_dvars,48,48,0,1.1927680456253411,0.07652641172660342,1.1996520808510636,1.130686736111111,1.2596623319148934,1.0027718638297871,1.324519510638298
warning_free,Peking_1,ALL,max_fd,48,48,0,0.7417331374904167,0.6802727909955698,0.5087030475000001,0.322405275,0.8421303874999999,0.15794653604,3.25857025
warning_free,Peking_1,ALL,n_volumes,48,48,0,235.72916666666666,0.4490928602896293,236.0,235.0,236.0,235.0,236.0
warning_free,Peking_1,ALL,tiv_mm3,48,48,0,1476712.2166666666,119074.84799945509,1470440.75,1376234.1,1560699.7249999999,1216454.8,1703719.0
warning_free,Peking_1,0,age_years,33,33,0,11.083636363636364,1.865947845904693,10.42,9.75,12.0,8.33,15.17
warning_free,Peking_1,0,mean_fd,33,33,0,0.11147718150509789,0.040562580717306125,0.1014300036391489,0.0845788025361701,0.1318578306809361,0.0549351778546382,0.2186950370548935
warning_free,Peking_1,0,pct_fd_gt_0p2,33,33,0,0.09705566301310979,0.10861785230580777,0.0680851063829787,0.0170212765957446,0.1446808510638297,0.0,0.4425531914893617
warning_free,Peking_1,0,mean_dvars,33,33,0,1.2028761676993616,0.07057360896806768,1.2026445446808511,1.1407547404255318,1.2662282723404252,1.0638062510638298,1.3224556638297875
warning_free,Peking_1,0,max_fd,33,33,0,0.5659130663951515,0.4411108396483758,0.43267307,0.277149235,0.6618654500000001,0.15794653604,1.8891858
warning_free,Peking_1,0,n_volumes,33,33,0,235.8181818181818,0.39167472590032015,236.0,236.0,236.0,235.0,236.0
warning_free,Peking_1,0,tiv_mm3,33,33,0,1472583.303030303,115115.52903204047,1471548.0,1376485.0,1551959.2,1216454.8,1703719.0
warning_free,Peking_1,1,age_years,15,15,0,10.616000000000001,1.4480469605644701,10.33,9.54,11.0,8.83,14.0
warning_free,Peking_1,1,mean_fd,15,15,0,0.15647575824569743,0.05038064745851126,0.1391057452196581,0.1200385239212162,0.17875406430576915,0.0983391253021276,0.2781260499786325
warning_free,Peking_1,1,pct_fd_gt_0p2,15,15,0,0.20993029035582217,0.1560745244288754,0.1617021276595744,0.09593562465902886,0.26495726495726496,0.0425531914893617,0.6410256410256411
warning_free,Peking_1,1,mean_dvars,15,15,0,1.1705301770624963,0.08663380408304053,1.1435508723404255,1.1127349221040188,1.2303494367248593,1.0027718638297871,1.324519510638298
warning_free,Peking_1,1,max_fd,15,15,0,1.1285372939,0.9357708327948855,0.8107675,0.5195527249999999,1.2320122,0.3674497,3.25857025
warning_free,Peking_1,1,n_volumes,15,15,0,235.53333333333333,0.5163977794943222,236.0,235.0,236.0,235.0,236.0
warning_free,Peking_1,1,tiv_mm3,15,15,0,1485795.826666667,131081.63516093683,1463465.2,1376142.1,1589744.6,1297907.0,1688403.2
warning_free,Peking_2,ALL,age_years,13,13,0,11.909999999999998,1.7626873422892293,11.33,10.92,13.33,9.67,15.08
warning_free,Peking_2,ALL,mean_fd,13,13,0,0.14083002569024017,0.048300968150930004,0.1458415971068085,0.1025405685259574,0.1685584860763063,0.0656372395361701,0.2343733372723404
warning_free,Peking_2,ALL,pct_fd_gt_0p2,13,13,0,0.1705400981996726,0.1370259188066705,0.1531914893617021,0.0680851063829787,0.2468085106382978,0.0085106382978723,0.4297872340425532
warning_free,Peking_2,ALL,mean_dvars,13,13,0,1.136763076923077,0.06886165654557994,1.16124054893617,1.0824931829787234,1.1959757574468086,1.027149485106383,1.2134762510638295
warning_free,Peking_2,ALL,max_fd,13,13,0,0.8455410666153846,0.6059547322898472,0.54664599,0.3926926700000001,1.39206405,0.26079274,2.097933236
warning_free,Peking_2,ALL,n_volumes,13,13,0,236.0,0.0,236.0,236.0,236.0,236.0,236.0
warning_free,Peking_2,ALL,tiv_mm3,13,13,0,1573564.446153846,94863.21888361697,1565346.5,1511165.0,1643314.8,1437208.8,1787177.9
warning_free,Peking_2,0,age_years,5,5,0,11.565999999999999,1.6224919106115752,11.25,11.17,11.33,9.83,14.25
warning_free,Peking_2,0,mean_fd,5,5,0,0.13454615554846966,0.04140960905843756,0.1166545296851063,0.1067523905829786,0.1509567297659574,0.0988417082440508,0.1995254194642552
warning_free,Peking_2,0,pct_fd_gt_0p2,5,5,0,0.12765957446808504,0.09171175345639278,0.076595744680851,0.0680851063829787,0.1872340425531914,0.0468085106382978,0.2595744680851063
warning_free,Peking_2,0,mean_dvars,5,5,0,1.1514081668085105,0.07940656610449688,1.1959757574468086,1.1167030723404257,1.2037362680851065,1.027149485106383,1.2134762510638295
warning_free,Peking_2,0,max_fd,5,5,0,0.8705463160000001,0.5416732921092161,0.77440265,0.43487077,1.39206405,0.28301281,1.4683813
warning_free,Peking_2,0,n_volumes,5,5,0,236.0,0.0,236.0,236.0,236.0,236.0,236.0
warning_free,Peking_2,0,tiv_mm3,5,5,0,1535778.7999999998,82985.01614475349,1564726.8,1468297.1,1565346.5,1437208.8,1643314.8
warning_free,Peking_2,1,age_years,8,8,0,12.125,1.919575846006463,12.25,10.69,13.3725,9.67,15.08
warning_free,Peking_2,1,mean_fd,8,8,0,0.14475744452884676,0.05453170418946528,0.14996752070446806,0.10148417197329783,0.17359383983116589,0.0656372395361701,0.2343733372723404
warning_free,Peking_2,1,pct_fd_gt_0p2,8,8,0,0.19734042553191486,0.15889317582719506,0.17659574468085104,0.07234042553191485,0.2882978723404255,0.0085106382978723,0.4297872340425532
warning_free,Peking_2,1,mean_dvars,8,8,0,1.1276098957446807,0.06539864879572611,1.1233431765957445,1.0816387468085107,1.185698756382979,1.0312989319148935,1.2043150425531917
warning_free,Peking_2,1,max_fd,8,8,0,0.82991278575,0.6790175225689149,0.512633995,0.3903421650000001,1.0258833,0.26079274,2.097933236
warning_free,Peking_2,1,n_volumes,8,8,0,236.0,0.0,236.0,236.0,236.0,236.0,236.0
warning_free,Peking_2,1,tiv_mm3,8,8,0,1597180.475,99169.26519940898,1572952.8,1523250.65,1658326.05,1489127.5,1787177.9
warning_free,Peking_3,ALL,age_years,4,4,0,13.27,0.7489103195087291,13.085,12.895,13.46,12.58,14.33
warning_free,Peking_3,ALL,mean_fd,4,4,0,0.12469017983807179,0.044020332632185584,0.13147407369319145,0.10954323100477392,0.14662102252648931,0.065343597740798,0.1704689742251063
warning_free,Peking_3,ALL,pct_fd_gt_0p2,4,4,0,0.14148936170212761,0.1364082582428765,0.11276595744680845,0.07872340425531907,0.17553191489361697,0.0085106382978723,0.3319148936170212
warning_free,Peking_3,ALL,mean_dvars,4,4,0,1.2616806712765958,0.08703414195957307,1.2401172319148936,1.1994536872340427,1.3023442159574468,1.1879794723404256,1.3785087489361705
warning_free,Peking_3,ALL,max_fd,4,4,0,0.838266524,0.45014882422390917,0.9637397,0.657940349,1.144065875,0.215389496,1.2101972
warning_free,Peking_3,ALL,n_volumes,4,4,0,236.0,0.0,236.0,236.0,236.0,236.0,236.0
warning_free,Peking_3,ALL,tiv_mm3,4,4,0,1628175.925,116358.46546047191,1613011.5,1564855.4,1676332.025,1505328.2,1781352.5
warning_free,Peking_3,0,age_years,2,2,0,12.875,0.41719300090006295,12.875,12.7275,13.0225,12.58,13.17
warning_free,Peking_3,0,mean_fd,2,2,0,0.09481001991678195,0.041671813875887836,0.09481001991678195,0.08007680882878998,0.10954323100477392,0.065343597740798,0.1242764420927659
warning_free,Peking_3,0,pct_fd_gt_0p2,2,2,0,0.05531914893617015,0.06619723057916611,0.05531914893617015,0.031914893617021226,0.07872340425531907,0.0085106382978723,0.102127659574468
warning_free,Peking_3,0,mean_dvars,2,2,0,1.3277323936170213,0.07180861034021598,1.3277323936170213,1.3023442159574468,1.353120571276596,1.2769560382978722,1.3785087489361705
warning_free,Peking_3,0,max_fd,2,2,0,0.712793348,0.7034352734750198,0.712793348,0.46409142200000003,0.961495274,0.215389496,1.2101972
warning_free,Peking_3,0,n_volumes,2,2,0,236.0,0.0,236.0,236.0,236.0,236.0,236.0
warning_free,Peking_3,0,tiv_mm3,2,2,0,1683025.15,139055.8719222061,1683025.15,1633861.475,1732188.825,1584697.8,1781352.5
warning_free,Peking_3,1,age_years,2,2,0,13.665,0.9404520189781083,13.665,13.3325,13.9975,13.0,14.33
warning_free,Peking_3,1,mean_fd,2,2,0,0.15457033975936163,0.022484064484668404,0.15457033975936163,0.14662102252648931,0.16251965699223397,0.138671705293617,0.1704689742251063
warning_free,Peking_3,1,pct_fd_gt_0p2,2,2,0,0.22765957446808505,0.14743928628996095,0.22765957446808505,0.17553191489361697,0.2797872340425531,0.1234042553191489,0.3319148936170212
warning_free,Peking_3,1,mean_dvars,2,2,0,1.1956289489361702,0.010817993546757677,1.1956289489361702,1.1918042106382978,1.1994536872340427,1.1879794723404256,1.2032784255319149
warning_free,Peking_3,1,max_fd,2,2,0,0.9637397,0.2238451167649631,0.9637397,0.8845985000000001,1.0428808999999999,0.8054573,1.1220221
warning_free,Peking_3,1,n_volumes,2,2,0,236.0,0.0,236.0,236.0,236.0,236.0,236.0
warning_free,Peking_3,1,tiv_mm3,2,2,0,1573326.7,96164.4009210269,1573326.7,1539327.45,1607325.95,1505328.2,1641325.2
include_holds,ALL,ALL,age_years,375,375,0,11.382826666666668,2.906511684203245,10.83,9.17,12.815,7.17,20.89
include_holds,ALL,ALL,mean_fd,375,372,3,0.20327766317823812,0.3353315761857208,0.12933710105192045,0.0955176346714285,0.18900330880543548,0.0445466502206753,3.652142740615385
include_holds,ALL,ALL,pct_fd_gt_0p2,375,372,3,0.20334630219658437,0.2042625614015978,0.14053426248548195,0.05246069719753928,0.301768696494912,0.0,0.987012987012987
include_holds,ALL,ALL,mean_dvars,375,372,3,1.1247752079406124,0.09218583578522795,1.1081272276595744,1.0585690028571428,1.1717045056714104,0.939675512195122,1.5313413815789472
include_holds,ALL,ALL,max_fd,375,372,3,1.6475705810472203,3.477025380890328,0.7003509750000001,0.38890983749999997,1.5436818625,0.083989724076,41.187792
include_holds,ALL,ALL,n_volumes,375,372,3,175.61827956989248,50.54457603249215,176.0,152.0,235.0,77.0,261.0
include_holds,ALL,ALL,tiv_mm3,375,375,0,1538040.1832,135860.08178776104,1536565.9,1457847.35,1637537.2,1163524.8,1899012.0
include_holds,ALL,0,age_years,210,210,0,11.396666666666668,2.894491275650453,10.825,9.19,12.785,7.17,20.47
include_holds,ALL,0,mean_fd,210,208,2,0.16754891776396696,0.24167287812150515,0.11546141878690924,0.08943630841457137,0.1672169352128048,0.0492389857777142,3.0823442494285715
include_holds,ALL,0,pct_fd_gt_0p2,210,208,2,0.16879838176489567,0.17940700254088063,0.0996688741721854,0.0457142857142857,0.22428571428571423,0.0,0.96
include_holds,ALL,0,mean_dvars,210,208,2,1.134812213980153,0.09882888606889019,1.113438196783349,1.0680635212637364,1.1960466963745802,0.939675512195122,1.5313413815789472
include_holds,ALL,0,max_fd,210,208,2,1.3940611838775963,3.4076430164885596,0.60459556,0.32667305599999996,1.3436706999999999,0.14499373,41.187792
include_holds,ALL,0,n_volumes,210,208,2,172.51442307692307,52.495500461922234,176.0,124.0,235.0,77.0,261.0
include_holds,ALL,0,tiv_mm3,210,210,0,1533792.8557142857,141098.9262622518,1530073.15,1451375.35,1634548.35,1163524.8,1899012.0
include_holds,ALL,1,age_years,165,165,0,11.365212121212119,2.9304654146045888,10.9,9.17,12.92,7.25,20.89
include_holds,ALL,1,mean_fd,165,164,1,0.24859216955731378,0.4219852284605946,0.15353054072606376,0.10238523787732517,0.20751180388142848,0.0445466502206753,3.652142740615385
include_holds,ALL,1,pct_fd_gt_0p2,165,164,1,0.2471631768904335,0.22502209139496307,0.1885714285714285,0.08404255319148934,0.34428571428571425,0.0,0.987012987012987
include_holds,ALL,1,mean_dvars,165,164,1,1.1120453466221711,0.08153107708951095,1.0955904453846155,1.05351698,1.1542847078977934,0.9624498742857142,1.4206781948051947
include_holds,ALL,1,max_fd,165,164,1,1.9690946945306462,3.5474598596368776,0.9605043025,0.47519577,1.7155716,0.083989724076,27.15052
include_holds,ALL,1,n_volumes,165,164,1,179.5548780487805,47.82525105668911,176.0,176.0,235.0,77.0,261.0
include_holds,ALL,1,tiv_mm3,165,165,0,1543445.8727272728,129108.25152634295,1550582.5,1464228.2,1640599.8,1222729.5,1874811.0
include_holds,KKI,ALL,age_years,82,82,0,10.25548780487805,1.3502383442448953,10.135,9.09,11.0975,8.02,12.99
include_holds,KKI,ALL,mean_fd,82,82,0,0.17851599732405773,0.10673891520349926,0.14950914902640117,0.10583134542334025,0.22503006507753187,0.0601547855430894,0.6088566254634146
include_holds,KKI,ALL,pct_fd_gt_0p2,82,82,0,0.2368990916528451,0.1938065615157405,0.17476982716847028,0.0794701986754966,0.3637942174123727,0.0,0.8211382113821138
include_holds,KKI,ALL,mean_dvars,82,82,0,1.1180638715129356,0.0664925854439291,1.1222567127281537,1.0709018642384105,1.1648364735772359,0.939675512195122,1.2853920662251654
include_holds,KKI,ALL,max_fd,82,82,0,1.340999071280488,1.3598388170922233,0.8293266425,0.4938895325,1.7842893,0.15619105,8.5729424
include_holds,KKI,ALL,n_volumes,82,82,0,133.90243902439025,13.469315614147588,124.0,124.0,152.0,124.0,152.0
include_holds,KKI,ALL,tiv_mm3,82,82,0,1559034.601219512,125511.14176514171,1558983.5,1477503.85,1659225.7000000002,1298144.5,1835236.9
include_holds,KKI,0,age_years,60,60,0,10.268833333333331,1.2787123974843702,10.21,9.255,11.0925,8.02,12.87
include_holds,KKI,0,mean_fd,60,60,0,0.1651459379798724,0.09061295130754315,0.139204561902439,0.09400218875493853,0.21921761308329346,0.0601547855430894,0.4476096466260163
include_holds,KKI,0,pct_fd_gt_0p2,60,60,0,0.21026310594231762,0.18581924835121189,0.1456953642384106,0.07113821138211375,0.3077451138749798,0.0,0.6097560975609756
include_holds,KKI,0,mean_dvars,60,60,0,1.1165974155144565,0.07025077149000385,1.1129154795940341,1.072039063385021,1.1601776323561084,0.939675512195122,1.2853920662251654
include_holds,KKI,0,max_fd,60,60,0,1.3708419496333335,1.514101113028902,0.7167850674999999,0.4567464275,1.8017391249999999,0.15619105,8.5729424
include_holds,KKI,0,n_volumes,60,60,0,135.2,13.832901089155987,124.0,124.0,152.0,124.0,152.0
include_holds,KKI,0,tiv_mm3,60,60,0,1573494.0266666668,123719.90007220156,1562330.4,1493913.625,1661991.25,1298144.5,1835236.9
include_holds,KKI,1,age_years,22,22,0,10.21909090909091,1.560884697522863,10.06,9.0075,11.4975,8.1,12.99
include_holds,KKI,1,mean_fd,22,22,0,0.21497979553547228,0.13774377002888777,0.18186046464634137,0.13887426939101516,0.23044679765389273,0.0664203238292682,0.6088566254634146
include_holds,KKI,1,pct_fd_gt_0p2,22,22,0,0.30954268904519266,0.20078136443448513,0.3130081300813008,0.1585365853658536,0.4314731061217897,0.0,0.8211382113821138
include_holds,KKI,1,mean_dvars,22,22,0,1.1220632969633337,0.05625891089660313,1.1307598252032522,1.0752459370860925,1.1697500548780486,1.000969026490066,1.1966071544715449
include_holds,KKI,1,max_fd,22,22,0,1.2596094030454545,0.8259278095020175,1.0756748315,0.5856565300000001,1.5641148999999999,0.18724595,2.99135395
include_holds,KKI,1,n_volumes,22,22,0,130.36363636363637,12.010096762408876,124.0,124.0,124.0,124.0,152.0
include_holds,KKI,1,tiv_mm3,22,22,0,1519599.8045454547,124623.20492398743,1497062.6,1432249.625,1602341.175,1340274.8,1823193.2
include_holds,NYU,ALL,age_years,160,160,0,11.598125,2.875342186363085,11.325,9.227500000000001,13.4375,7.17,17.89
include_holds,NYU,ALL,mean_fd,160,157,3,0.19206964854322783,0.2880790451788083,0.1208938207474285,0.0894550253371428,0.1800729339588571,0.0492389857777142,3.0823442494285715
include_holds,NYU,ALL,pct_fd_gt_0p2,160,157,3,0.19191992720655138,0.19525190114966556,0.12,0.04,0.2857142857142857,0.0,0.96
include_holds,NYU,ALL,mean_dvars,160,157,3,1.0726668977979983,0.04932613428563131,1.0712710914285717,1.0402464514285714,1.1014290457142857,0.9624498742857142,1.2587100342857145
include_holds,NYU,ALL,max_fd,160,157,3,1.7292211967226114,3.965105207347333,0.68036485,0.372453095,1.5142981999999998,0.16149515,41.187792
include_holds,NYU,ALL,n_volumes,160,157,3,176.0,0.0,176.0,176.0,176.0,176.0,176.0
include_holds,NYU,ALL,tiv_mm3,160,160,0,1530836.5543749998,145669.05314096104,1533150.45,1429445.8,1620969.8,1163524.8,1899012.0
include_holds,NYU,0,age_years,72,72,0,12.070138888888888,3.117417445536282,12.004999999999999,9.285,14.435,7.17,17.89
include_holds,NYU,0,mean_fd,72,70,2,0.1826599035357077,0.36813389294057847,0.1112385855314285,0.08923750264542847,0.1515943833914285,0.0492389857777142,3.0823442494285715
include_holds,NYU,0,pct_fd_gt_0p2,72,70,2,0.15706122448979587,0.17765035926159167,0.08285714285714285,0.03571428571428565,0.20571428571428568,0.0057142857142857,0.96
include_holds,NYU,0,mean_dvars,72,70,2,1.069934373877551,0.04720369909223468,1.0728343742857143,1.0333773757142857,1.1000345314285713,0.9756101142857144,1.227658068571429
include_holds,NYU,0,max_fd,72,70,2,1.689751695964286,5.204900095723869,0.5528494425,0.305611595,0.9990183374999999,0.20448954,41.187792
include_holds,NYU,0,n_volumes,72,70,2,176.0,0.0,176.0,176.0,176.0,176.0,176.0
include_holds,NYU,0,tiv_mm3,72,72,0,1513829.411111111,165424.91667447943,1506394.2,1401145.0,1595331.525,1163524.8,1899012.0
include_holds,NYU,1,age_years,88,88,0,11.211931818181817,2.616003733852016,10.855,9.205,12.7375,7.25,17.61
include_holds,NYU,1,mean_fd,88,87,1,0.19964070774468085,0.20414671677962568,0.1456646958617142,0.0955172750594285,0.20435657153999992,0.0640659908131428,1.207230011617143
include_holds,NYU,1,pct_fd_gt_0p2,88,87,1,0.21996715927750404,0.20505592983914697,0.1771428571428571,0.04857142857142855,0.33428571428571424,0.0,0.8971428571428571
include_holds,NYU,1,mean_dvars,88,87,1,1.074865480262726,0.051134827786173,1.0632225885714286,1.0431809514285713,1.1067556542857144,0.9624498742857142,1.2587100342857145
include_holds,NYU,1,max_fd,88,87,1,1.7609782662982756,2.6040364391757365,1.00806242,0.41354519999999995,1.9499633250000001,0.16149515,14.8452686475
include_holds,NYU,1,n_volumes,88,87,1,176.0,0.0,176.0,176.0,176.0,176.0,176.0
include_holds,NYU,1,tiv_mm3,88,88,0,1544751.4897727272,126540.53318332798,1547355.1,1479236.1,1636639.6,1222729.5,1874811.0
include_holds,NeuroIMAGE,ALL,age_years,29,29,0,16.752758620689654,2.95782726308123,17.5,14.59,19.15,11.05,20.89
include_holds,NeuroIMAGE,ALL,mean_fd,29,29,0,0.32024136801589637,0.6892439742489437,0.1325537885374768,0.1029484547076922,0.178454339926923,0.0590261638564846,3.652142740615385
include_holds,NeuroIMAGE,ALL,pct_fd_gt_0p2,29,29,0,0.21750663129973474,0.24795568680570834,0.1346153846153846,0.0923076923076923,0.2153846153846154,0.0,0.9384615384615383
include_holds,NeuroIMAGE,ALL,mean_dvars,29,29,0,1.0959737701591512,0.06466098312853842,1.0850750884615383,1.0660589653846153,1.1246224423076925,0.9761996346153848,1.2925188769230769
include_holds,NeuroIMAGE,ALL,max_fd,29,29,0,2.6720141834827587,4.865823498789157,1.04323993,0.6249142999999999,1.56765395,0.166582326,24.4054605
include_holds,NeuroIMAGE,ALL,n_volumes,29,29,0,261.0,0.0,261.0,261.0,261.0,261.0,261.0
include_holds,NeuroIMAGE,ALL,tiv_mm3,29,29,0,1582493.5793103445,118648.79628799556,1578143.1,1513519.1,1642151.9,1307689.8,1826727.9
include_holds,NeuroIMAGE,0,age_years,15,15,0,16.841333333333335,2.696245714392691,17.46,15.0,19.16,11.66,20.47
include_holds,NeuroIMAGE,0,mean_fd,15,15,0,0.13093398432814043,0.04885384310207069,0.1287705642730769,0.10174091395809605,0.14738345445327683,0.071998365431423,0.2589613515046154
include_holds,NeuroIMAGE,0,pct_fd_gt_0p2,15,15,0,0.1505128205128205,0.11423295837864837,0.123076923076923,0.08846153846153845,0.2019230769230769,0.0,0.3846153846153846
include_holds,NeuroIMAGE,0,mean_dvars,15,15,0,1.0945092987179488,0.06052921185064059,1.090079996153846,1.0707345865384617,1.1243576423076924,0.9761996346153848,1.2460868423076925
include_holds,NeuroIMAGE,0,max_fd,15,15,0,1.0176741506666667,0.7942394899209414,0.78744085,0.5951041299999997,1.1192890649999998,0.179127805,3.227446
include_holds,NeuroIMAGE,0,n_volumes,15,15,0,261.0,0.0,261.0,261.0,261.0,261.0,261.0
include_holds,NeuroIMAGE,0,tiv_mm3,15,15,0,1568325.9266666668,105887.42075764418,1554813.8,1509287.5,1621794.95,1357090.5,1819855.9
include_holds,NeuroIMAGE,1,age_years,14,14,0,16.657857142857143,3.3159826912683377,17.64,14.1225,18.912499999999998,11.05,20.89
include_holds,NeuroIMAGE,1,mean_fd,14,14,0,0.5230707076813491,0.9669410028970956,0.1520247418102884,0.10817104112019225,0.21755518218557682,0.0590261638564846,3.652142740615385
include_holds,NeuroIMAGE,1,pct_fd_gt_0p2,14,14,0,0.28928571428571426,0.3280893869294201,0.18076923076923074,0.09519230769230767,0.2490384615384615,0.0,0.9384615384615383
include_holds,NeuroIMAGE,1,mean_dvars,14,14,0,1.0975428467032968,0.07109558122625569,1.083503996153846,1.0588669240384616,1.117319264423077,1.0113673807692307,1.2925188769230769
include_holds,NeuroIMAGE,1,max_fd,14,14,0,4.4445213615,6.616213685665522,1.355119295,0.9513146349999999,5.513876724999999,0.166582326,24.4054605
include_holds,NeuroIMAGE,1,n_volumes,14,14,0,261.0,0.0,261.0,261.0,261.0,261.0,261.0
include_holds,NeuroIMAGE,1,tiv_mm3,14,14,0,1597673.2071428574,133290.96533330303,1598005.1,1526005.2750000001,1683053.225,1307689.8,1826727.9
include_holds,OHSU,ALL,age_years,34,34,0,8.757058823529412,1.1902801539636734,8.5,8.02,9.17,7.33,12.5
include_holds,OHSU,ALL,mean_fd,34,34,0,0.3670230460103193,0.6186771984703862,0.16486501127922076,0.1028804416774948,0.22804249401298698,0.0445466502206753,3.0412489909090907
include_holds,OHSU,ALL,pct_fd_gt_0p2,34,34,0,0.2847442804873145,0.2961335223269216,0.2155673274094326,0.05211893369788102,0.4090909090909091,0.0,0.987012987012987
include_holds,OHSU,ALL,mean_dvars,34,34,0,1.281159438326766,0.09416021983740537,1.2795468246753245,1.2177935097402597,1.3322159740259742,1.083736948051948,1.5313413815789472
include_holds,OHSU,ALL,max_fd,34,34,0,2.952871482105176,5.616551163758524,0.5612433000000001,0.2838673225,2.3230780275000003,0.083989724076,27.15052
include_holds,OHSU,ALL,n_volumes,34,34,0,77.76470588235294,0.4305615452020462,78.0,78.0,78.0,77.0,78.0
include_holds,OHSU,ALL,tiv_mm3,34,34,0,1526925.205882353,137298.90947434437,1525221.4,1431815.3,1647253.75,1274818.0,1789939.5
include_holds,OHSU,0,age_years,21,21,0,8.777142857142858,1.155565415098353,8.5,8.08,9.17,7.33,12.5
include_holds,OHSU,0,mean_fd,21,21,0,0.2586357095513094,0.3018408164049894,0.1154775503810526,0.1028662982894736,0.2178916703116883,0.0593839899114285,1.2531101338441557
include_holds,OHSU,0,pct_fd_gt_0p2,21,21,0,0.2466474628128763,0.26214912085443615,0.1052631578947368,0.0519480519480519,0.3896103896103896,0.0,0.8701298701298701
include_holds,OHSU,0,mean_dvars,21,21,0,1.2912546653565735,0.09929473455378081,1.2812505714285716,1.2155392597402594,1.3390143116883118,1.1610191298701298,1.5313413815789472
include_holds,OHSU,0,max_fd,21,21,0,2.310233065666666,4.063575735950603,0.53949768,0.271616,2.3584790200000003,0.14499373,15.637889
include_holds,OHSU,0,n_volumes,21,21,0,77.66666666666667,0.48304589153964794,78.0,77.0,78.0,77.0,78.0
include_holds,OHSU,0,tiv_mm3,21,21,0,1531798.9666666668,129464.55169113795,1523830.1,1449710.6,1647281.5,1302590.0,1789939.5
include_holds,OHSU,1,age_years,13,13,0,8.724615384615385,1.2917856851700504,8.42,7.92,9.17,7.42,11.33
include_holds,OHSU,1,mean_fd,13,13,0,0.5421102818287201,0.9203144845319967,0.1734287599999999,0.104890133864935,0.2732126059220779,0.0445466502206753,3.0412489909090907
include_holds,OHSU,1,pct_fd_gt_0p2,13,13,0,0.3462852936537147,0.3463837322295457,0.2337662337662337,0.0909090909090909,0.5844155844155844,0.0,0.987012987012987
include_holds,OHSU,1,mean_dvars,13,13,0,1.2648517638940007,0.08650460287248145,1.2778430779220775,1.22455625974026,1.3081239870129868,1.083736948051948,1.4206781948051947
include_holds,OHSU,1,max_fd,13,13,0,3.9909796932750763,7.572268680122257,0.9614788449999998,0.3907829,2.21687505,0.083989724076,27.15052
include_holds,OHSU,1,n_volumes,13,13,0,77.92307692307692,0.2773500981126145,78.0,78.0,78.0,77.0,78.0
include_holds,OHSU,1,tiv_mm3,13,13,0,1519052.2076923077,154260.78225086062,1558531.4,1361684.9,1647170.5,1274818.0,1724900.9
include_holds,Peking_1,ALL,age_years,50,50,0,10.9368,1.7556200602403604,10.42,9.69,11.98,8.33,15.17
include_holds,Peking_1,ALL,mean_fd,50,50,0,0.1270460991615012,0.04839362434086051,0.1217210323947659,0.09743410829056555,0.1471875131564765,0.0549351778546382,0.2781260499786325
include_holds,Peking_1,ALL,pct_fd_gt_0p2,50,50,0,0.13737770503727945,0.13944980535594456,0.09168030551009271,0.043617021276595724,0.1739634478996181,0.0,0.6410256410256411
include_holds,Peking_1,ALL,mean_dvars,50,50,0,1.1948486905524642,0.08001136890493595,1.1996520808510636,1.127858875,1.2640396255319146,1.0027718638297871,1.3737192863247862
include_holds,Peking_1,ALL,max_fd,50,50,0,0.7380323357908,0.667138398735058,0.5089424375,0.323205806,0.8323985124999999,0.15794653604,3.25857025
include_holds,Peking_1,ALL,n_volumes,50,50,0,235.7,0.4629100498862757,236.0,235.0,236.0,235.0,236.0
include_holds,Peking_1,ALL,tiv_mm3,50,50,0,1484869.674,123414.99841250536,1471975.05,1376564.45,1571162.5999999999,1216454.8,1703719.0
include_holds,Peking_1,0,age_years,34,34,0,11.02,1.8745504511587288,10.42,9.75,11.98,8.33,15.17
include_holds,Peking_1,0,mean_fd,34,34,0,0.11186656237063423,0.04000774520874958,0.10641727307914886,0.08514562946914883,0.130407183479851,0.0549351778546382,0.2186950370548935
include_holds,Peking_1,0,pct_fd_gt_0p2,34,34,0,0.09621214552378504,0.10707249572895906,0.0682305873795235,0.018085106382978652,0.1446808510638297,0.0,0.4425531914893617
include_holds,Peking_1,0,mean_dvars,34,34,0,1.2079009653059916,0.07541987844565028,1.2081701170212766,1.1416156893617022,1.2662431223404256,1.0638062510638298,1.3737192863247862
include_holds,Peking_1,0,max_fd,34,34,0,0.5726218406188235,0.436133817261397,0.438951455,0.28010633875,0.72594485,0.15794653604,1.8891858
include_holds,Peking_1,0,n_volumes,34,34,0,235.7941176470588,0.41042563012190475,236.0,236.0,236.0,235.0,236.0
include_holds,Peking_1,0,tiv_mm3,34,34,0,1478882.2411764704,119159.67011504155,1471975.05,1379445.5,1556071.9749999999,1216454.8,1703719.0
include_holds,Peking_1,1,age_years,16,16,0,10.76,1.5128868651246419,10.455,9.56,11.375,8.83,14.0
include_holds,Peking_1,1,mean_fd,16,16,0,0.15930261484209346,0.049968525632791576,0.14458931735663755,0.12073362416601235,0.1910516806899572,0.0983391253021276,0.2781260499786325
include_holds,Peking_1,1,pct_fd_gt_0p2,16,16,0,0.22485451900345516,0.16216975152274507,0.17021276595744675,0.09903164211674842,0.3148117839607201,0.0425531914893617,0.6410256410256411
include_holds,Peking_1,1,mean_dvars,16,16,0,1.1671126067012185,0.08480525654321568,1.1349979083924349,1.1137706554964537,1.22663084870431,1.0027718638297871,1.324519510638298
include_holds,Peking_1,1,max_fd,16,16,0,1.08952963803125,0.9174065639277142,0.7953494,0.5026372875,1.0671670500000001,0.3674497,3.25857025
include_holds,Peking_1,1,n_volumes,16,16,0,235.5,0.5163977794943222,235.5,235.0,236.0,235.0,236.0
include_holds,Peking_1,1,tiv_mm3,16,16,0,1497592.96875,135143.12062667846,1484376.35,1376472.45,1622733.35,1297907.0,1688403.2
include_holds,Peking_2,ALL,age_years,14,14,0,11.749999999999998,1.7962353794705022,11.29,10.23,13.29,9.67,15.08
include_holds,Peking_2,ALL,mean_fd,14,14,0,0.13785313384914397,0.04772409919198085,0.1312480633959574,0.10000029706765948,0.16494222563276162,0.0656372395361701,0.2343733372723404
include_holds,Peking_2,ALL,pct_fd_gt_0p2,14,14,0,0.1650455927051671,0.13324579213799198,0.12340425531914889,0.07021276595744677,0.23510638297872336,0.0085106382978723,0.4297872340425532
include_holds,Peking_2,ALL,mean_dvars,14,14,0,1.1401252455927051,0.0673455459849187,1.1720664765957447,1.0832313382978724,1.1955112712765958,1.027149485106383,1.2134762510638295
include_holds,Peking_2,ALL,max_fd,14,14,0,0.8355264832857143,0.5833871107618721,0.625991445,0.40323719500000005,1.2470740625,0.26079274,2.097933236
include_holds,Peking_2,ALL,n_volumes,14,14,0,236.0,0.0,236.0,236.0,236.0,236.0,236.0
include_holds,Peking_2,ALL,tiv_mm3,14,14,0,1581923.5214285715,96358.88723659128,1565371.05,1515193.55,1654522.05,1437208.8,1787177.9
include_holds,Peking_2,0,age_years,5,5,0,11.565999999999999,1.6224919106115752,11.25,11.17,11.33,9.83,14.25
include_holds,Peking_2,0,mean_fd,5,5,0,0.13454615554846966,0.04140960905843756,0.1166545296851063,0.1067523905829786,0.1509567297659574,0.0988417082440508,0.1995254194642552
include_holds,Peking_2,0,pct_fd_gt_0p2,5,5,0,0.12765957446808504,0.09171175345639278,0.076595744680851,0.0680851063829787,0.1872340425531914,0.0468085106382978,0.2595744680851063
include_holds,Peking_2,0,mean_dvars,5,5,0,1.1514081668085105,0.07940656610449688,1.1959757574468086,1.1167030723404257,1.2037362680851065,1.027149485106383,1.2134762510638295
include_holds,Peking_2,0,max_fd,5,5,0,0.8705463160000001,0.5416732921092161,0.77440265,0.43487077,1.39206405,0.28301281,1.4683813
include_holds,Peking_2,0,n_volumes,5,5,0,236.0,0.0,236.0,236.0,236.0,236.0,236.0
include_holds,Peking_2,0,tiv_mm3,5,5,0,1535778.7999999998,82985.01614475349,1564726.8,1468297.1,1565346.5,1437208.8,1643314.8
include_holds,Peking_2,1,age_years,9,9,0,11.852222222222222,1.9732826570069593,11.33,10.0,13.33,9.67,15.08
include_holds,Peking_2,1,mean_fd,9,9,0,0.1396903440161853,0.05322661913958235,0.1458415971068085,0.0991535399148935,0.1685584860763063,0.0656372395361701,0.2343733372723404
include_holds,Peking_2,1,pct_fd_gt_0p2,9,9,0,0.1858156028368794,0.15259932831524348,0.1531914893617021,0.0808510638297872,0.2468085106382978,0.0085106382978723,0.4297872340425532
include_holds,Peking_2,1,mean_dvars,9,9,0,1.133856956028369,0.06398118642195276,1.16124054893617,1.0824931829787234,1.1838334382978726,1.0312989319148935,1.2043150425531917
include_holds,Peking_2,1,max_fd,9,9,0,0.8160710206666667,0.6365186930536865,0.54664599,0.3926926700000001,0.8121041000000001,0.26079274,2.097933236
include_holds,Peking_2,1,n_volumes,9,9,0,236.0,0.0,236.0,236.0,236.0,236.0,236.0
include_holds,Peking_2,1,tiv_mm3,9,9,0,1607559.477777778,97850.5930136192,1580510.0,1527279.2,1658530.8,1489127.5,1787177.9
include_holds,Peking_3,ALL,age_years,6,6,0,12.833333333333334,1.0783258629313621,12.96,12.665,13.1275,11.0,14.33
include_holds,Peking_3,ALL,mean_fd,6,6,0,0.12966867194502654,0.045309497418139465,0.13147407369319145,0.10160793422531905,0.16251965699223397,0.065343597740798,0.1851995473817021
include_holds,Peking_3,ALL,pct_fd_gt_0p2,6,6,0,0.1531914893617021,0.13667459777433705,0.11276595744680845,0.05744680851063828,0.2638297872340425,0.0085106382978723,0.3319148936170212
include_holds,Peking_3,ALL,mean_dvars,6,6,0,1.2132647886524823,0.10150017440169065,1.1956289489361702,1.14791750106383,1.258536635106383,1.0983025361702128,1.3785087489361705
include_holds,Peking_3,ALL,max_fd,6,6,0,0.8269291918333334,0.43119710194490596,0.9637397,0.50445661625,1.183795025,0.215389496,1.2101972
include_holds,Peking_3,ALL,n_volumes,6,6,0,236.0,0.0,236.0,236.0,236.0,236.0,236.0
include_holds,Peking_3,ALL,tiv_mm3,6,6,0,1632033.1500000001,92538.65521762785,1624643.7999999998,1590513.95,1663980.9,1505328.2,1781352.5
include_holds,Peking_3,0,age_years,3,3,0,12.89,0.2961418578992169,12.92,12.75,13.045,12.58,13.17
include_holds,Peking_3,0,mean_fd,3,3,0,0.094557268256578,0.029469674006655157,0.0940517649361701,0.07969768133848404,0.10916410351446801,0.065343597740798,0.1242764420927659
include_holds,Peking_3,0,pct_fd_gt_0p2,3,3,0,0.051063829787234,0.047385228619829946,0.0425531914893617,0.025531914893617003,0.07234042553191485,0.0085106382978723,0.102127659574468
include_holds,Peking_3,0,mean_dvars,3,3,0,1.2633427659574468,0.12254105724169503,1.2769560382978722,1.2057597744680852,1.3277323936170213,1.134563510638298,1.3785087489361705
include_holds,Peking_3,0,max_fd,3,3,0,0.6099032503333334,0.5283651280866354,0.404123055,0.3097562755,0.8071601275,0.215389496,1.2101972
include_holds,Peking_3,0,n_volumes,3,3,0,236.0,0.0,236.0,236.0,236.0,236.0,236.0
include_holds,Peking_3,0,tiv_mm3,3,3,0,1679194.3666666665,98550.96377440114,1671532.8,1628115.3,1726442.65,1584697.8,1781352.5
include_holds,Peking_3,1,age_years,3,3,0,12.776666666666666,1.6761960903585633,13.0,12.0,13.665,11.0,14.33
include_holds,Peking_3,1,mean_fd,3,3,0,0.1647800756334751,0.023779880103416064,0.1704689742251063,0.15457033975936163,0.1778342608034042,0.138671705293617,0.1851995473817021
include_holds,Peking_3,1,pct_fd_gt_0p2,3,3,0,0.25531914893617014,0.11473590436351286,0.3106382978723404,0.21702127659574463,0.3212765957446808,0.1234042553191489,0.3319148936170212
include_holds,Peking_3,1,mean_dvars,3,3,0,1.1631868113475177,0.05670971139189495,1.1879794723404256,1.1431410042553192,1.1956289489361702,1.0983025361702128,1.2032784255319149
include_holds,Peking_3,1,max_fd,3,3,0,1.0439551333333332,0.2106106962723482,1.1220221,0.9637397,1.16320405,0.8054573,1.204386
include_holds,Peking_3,1,n_volumes,3,3,0,236.0,0.0,236.0,236.0,236.0,236.0,236.0
include_holds,Peking_3,1,tiv_mm3,3,3,0,1584871.9333333333,70877.87553541183,1607962.4,1556645.2999999998,1624643.7999999998,1505328.2,1641325.2
