repeat,fold,model,auc,within_site_auc
1,1,motion_only_lr,0.6723874904652937,0.6393034825870646
1,1,pearson_adjusted_lr,0.6435291126366641,0.5890547263681593
1,1,pearson_lr,0.6226798881261124,0.5711442786069652
1,1,pearson_mlp_ens,0.6089499110094075,0.564179104477612
1,1,site_motion_lr,0.7079837274345283,0.6373134328358209
1,1,site_only_lr,0.6240783117213323,0.5
1,1,tangent_adjusted_lr,0.6720061022120519,0.6338308457711442
1,1,tangent_lr,0.6694635138571066,0.6318407960199005
1,1,tangent_mlp_ens,0.6880244088482075,0.6298507462686567
1,2,motion_only_lr,0.603585147247119,0.5886524822695035
1,2,pearson_adjusted_lr,0.5600512163892446,0.5460992907801419
1,2,pearson_lr,0.5592829705505762,0.5450861195542046
1,2,pearson_mlp_ens,0.5743918053777209,0.5795339412360689
1,2,site_motion_lr,0.6376440460947503,0.596757852077001
1,2,site_only_lr,0.6267605633802817,0.5
1,2,tangent_adjusted_lr,0.6030729833546734,0.5491388044579534
1,2,tangent_lr,0.6007682458386684,0.547112462006079
1,2,tangent_mlp_ens,0.6102432778489116,0.5542046605876393
1,3,motion_only_lr,0.6217669654289373,0.5704081632653062
1,3,pearson_adjusted_lr,0.6348271446862996,0.6112244897959184
1,3,pearson_lr,0.6379001280409731,0.6255102040816326
1,3,pearson_mlp_ens,0.6209987195902689,0.6183673469387755
1,3,site_motion_lr,0.6670934699103713,0.5775510204081632
1,3,site_only_lr,0.6361075544174135,0.5
1,3,tangent_adjusted_lr,0.6028169014084507,0.5214285714285714
1,3,tangent_lr,0.5997439180537771,0.523469387755102
1,3,tangent_mlp_ens,0.6038412291933418,0.5265306122448979
2,1,motion_only_lr,0.6488685481820493,0.6328358208955224
2,1,pearson_adjusted_lr,0.6181032290872108,0.591044776119403
2,1,pearson_lr,0.6181032290872108,0.5920398009950247
2,1,pearson_mlp_ens,0.6376811594202898,0.6029850746268657
2,1,site_motion_lr,0.6892957030256801,0.6547263681592039
2,1,site_only_lr,0.6238240528858378,0.5
2,1,tangent_adjusted_lr,0.6193745232646835,0.5880597014925373
2,1,tangent_lr,0.6214085939486397,0.5930348258706468
2,1,tangent_mlp_ens,0.6346300533943554,0.5950248756218905
2,2,motion_only_lr,0.5994878361075544,0.5258358662613982
2,2,pearson_adjusted_lr,0.5764404609475031,0.5106382978723404
2,2,pearson_lr,0.5523687580025608,0.5136778115501519
2,2,pearson_mlp_ens,0.5354673495518566,0.48024316109422494
2,2,site_motion_lr,0.6302176696542894,0.53596757852077
2,2,site_only_lr,0.631113956466069,0.5
2,2,tangent_adjusted_lr,0.6532650448143404,0.5927051671732523
2,2,tangent_lr,0.6496798975672216,0.5886524822695035
2,2,tangent_mlp_ens,0.6527528809218951,0.585612968591692
2,3,motion_only_lr,0.5702944942381563,0.5377551020408163
2,3,pearson_adjusted_lr,0.5626120358514725,0.5071428571428571
2,3,pearson_lr,0.5989756722151088,0.573469387755102
2,3,pearson_mlp_ens,0.6432778489116517,0.6551020408163265
2,3,site_motion_lr,0.6186939820742637,0.5336734693877551
2,3,site_only_lr,0.6320102432778489,0.5
2,3,tangent_adjusted_lr,0.6209987195902689,0.5959183673469388
2,3,tangent_lr,0.6222791293213829,0.6020408163265306
2,3,tangent_mlp_ens,0.6499359795134443,0.6377551020408163
3,1,motion_only_lr,0.5255530129672006,0.535323383084577
3,1,pearson_adjusted_lr,0.5977625222476481,0.5810945273631841
3,1,pearson_lr,0.5914060513602847,0.5761194029850746
3,1,pearson_mlp_ens,0.6183574879227053,0.5840796019900497
3,1,site_motion_lr,0.6058988049834731,0.5552238805970149
3,1,site_only_lr,0.6238240528858378,0.5
3,1,tangent_adjusted_lr,0.674040172896008,0.6228855721393035
3,1,tangent_lr,0.673531655225019,0.6238805970149254
3,1,tangent_mlp_ens,0.6842105263157895,0.6487562189054726
3,2,motion_only_lr,0.645326504481434,0.6119554204660588
3,2,pearson_adjusted_lr,0.5920614596670934,0.5126646403242149
3,2,pearson_lr,0.5994878361075544,0.5319148936170213
3,2,pearson_mlp_ens,0.6133162612035852,0.5673758865248227
3,2,site_motion_lr,0.6914212548015365,0.6220871327254306
3,2,site_only_lr,0.6267605633802817,0.5
3,2,tangent_adjusted_lr,0.5590268886043535,0.502532928064843
3,2,tangent_lr,0.5549295774647888,0.49746707193515705
3,2,tangent_mlp_ens,0.5992317541613316,0.5339412360688957
3,3,motion_only_lr,0.6755441741357234,0.5775510204081634
3,3,pearson_adjusted_lr,0.6148527528809219,0.6438775510204081
3,3,pearson_lr,0.6064020486555698,0.6551020408163265
3,3,pearson_mlp_ens,0.6176696542893726,0.6061224489795919
3,3,site_motion_lr,0.6875800256081945,0.5826530612244898
3,3,site_only_lr,0.6373879641485276,0.5
3,3,tangent_adjusted_lr,0.6852752880921895,0.6918367346938775
3,3,tangent_lr,0.6862996158770807,0.6979591836734695
3,3,tangent_mlp_ens,0.677336747759283,0.676530612244898
4,1,motion_only_lr,0.5908975336892958,0.5940298507462687
4,1,pearson_adjusted_lr,0.5293668954996186,0.5154228855721393
4,1,pearson_lr,0.5194508009153318,0.5134328358208955
4,1,pearson_mlp_ens,0.5784388507500635,0.5601990049751244
4,1,site_motion_lr,0.6211543351131452,0.6079601990049751
4,1,site_only_lr,0.617721840833969,0.5
4,1,tangent_adjusted_lr,0.6320874650394102,0.6199004975124378
4,1,tangent_lr,0.6323417238749047,0.6179104477611941
4,1,tangent_mlp_ens,0.6333587592168828,0.6149253731343284
4,2,motion_only_lr,0.6568501920614596,0.6139817629179332
4,2,pearson_adjusted_lr,0.6186939820742637,0.6190476190476191
4,2,pearson_lr,0.6081946222791292,0.6149949341438704
4,2,pearson_mlp_ens,0.6276568501920613,0.6322188449848024
4,2,site_motion_lr,0.6768245838668374,0.6342451874366768
4,2,site_only_lr,0.6267605633802817,0.5
4,2,tangent_adjusted_lr,0.6225352112676056,0.6636271529888551
4,2,tangent_lr,0.6192061459667093,0.6616008105369807
4,2,tangent_mlp_ens,0.6358514724711908,0.6686930091185409
4,3,motion_only_lr,0.6352112676056338,0.5352040816326531
4,3,pearson_adjusted_lr,0.6366197183098592,0.6204081632653061
4,3,pearson_lr,0.627144686299616,0.6142857142857143
4,3,pearson_mlp_ens,0.6355953905249679,0.6224489795918368
4,3,site_motion_lr,0.6672215108834827,0.5392857142857143
4,3,site_only_lr,0.6407170294494238,0.5
4,3,tangent_adjusted_lr,0.7060179257362356,0.7051020408163267
4,3,tangent_lr,0.7011523687580025,0.7071428571428572
4,3,tangent_mlp_ens,0.7026888604353394,0.6908163265306123
5,1,motion_only_lr,0.571065344520722,0.5721393034825871
5,1,pearson_adjusted_lr,0.6356470887363337,0.5980099502487563
5,1,pearson_lr,0.6254767353165522,0.5791044776119403
5,1,pearson_mlp_ens,0.6450546656496314,0.6268656716417911
5,1,site_motion_lr,0.6084413933384185,0.5462686567164178
5,1,site_only_lr,0.6238240528858378,0.5
5,1,tangent_adjusted_lr,0.6356470887363336,0.5751243781094527
5,1,tangent_lr,0.6308161708619374,0.5691542288557214
5,1,tangent_mlp_ens,0.6313246885329266,0.565174129353234
5,2,motion_only_lr,0.6153649167733674,0.5977710233029382
5,2,pearson_adjusted_lr,0.5946222791293213,0.6068895643363729
5,2,pearson_lr,0.586427656850192,0.60790273556231
5,2,pearson_mlp_ens,0.6023047375160052,0.6139817629179332
5,2,site_motion_lr,0.6537772087067861,0.6099290780141844
5,2,site_only_lr,0.631113956466069,0.5
5,2,tangent_adjusted_lr,0.5751600512163892,0.5349544072948327
5,2,tangent_lr,0.5818181818181818,0.5390070921985817
5,2,tangent_mlp_ens,0.5918053777208706,0.5450861195542046
5,3,motion_only_lr,0.688348271446863,0.6275510204081632
5,3,pearson_adjusted_lr,0.5528809218950064,0.43979591836734694
5,3,pearson_lr,0.5462227912932139,0.4489795918367347
5,3,pearson_mlp_ens,0.5848911651728553,0.47346938775510206
5,3,site_motion_lr,0.7290653008962867,0.6336734693877552
5,3,site_only_lr,0.6407170294494238,0.5
5,3,tangent_adjusted_lr,0.6827144686299617,0.6081632653061224
5,3,tangent_lr,0.6850192061459667,0.6112244897959184
5,3,tangent_mlp_ens,0.6837387964148528,0.6265306122448979
